Successful Login API Response, 650027911893a8dc72fec227
Successful Login API Response, 650027921893a8dc72fec22a
Successful Login API Response, 650027921893a8dc72fec22d
Successful Login API Response, 650027921893a8dc72fec230
Successful Login API Response, 650027921893a8dc72fec233
Successful Login API Response, 650027921893a8dc72fec236
Successful Login API Response, 650027921893a8dc72fec238
Successful Login API Response, 650027921893a8dc72fec23b
Successful Login API Response, 650027921893a8dc72fec23f
Successful Login API Response, 650027921893a8dc72fec242
Successful Login API Response, 650027921893a8dc72fec245
Successful Login API Response, 650027921893a8dc72fec248
Successful Login API Response, 650027921893a8dc72fec246
Successful Login API Response, 650027931893a8dc72fec24e
Successful Login API Response, 650027931893a8dc72fec250
Successful Login API Response, 650027931893a8dc72fec24f
Successful Login API Response, 650027931893a8dc72fec255
Successful Login API Response, 650027931893a8dc72fec256
Successful Login API Response, 650027931893a8dc72fec25c
Successful Login API Response, 650027931893a8dc72fec25f
Successful Login API Response, 650027931893a8dc72fec262
Successful Login API Response, 650027931893a8dc72fec265
Successful Login API Response, 650027931893a8dc72fec266
Successful Login API Response, 650027931893a8dc72fec26b
Successful Login API Response, 650027931893a8dc72fec26a
Successful Login API Response, 650027941893a8dc72fec270
Successful Login API Response, 650027941893a8dc72fec274
Successful Login API Response, 650027941893a8dc72fec278
Successful Login API Response, 650027941893a8dc72fec279
Successful Login API Response, 650027941893a8dc72fec27a
Successful Login API Response, 650027941893a8dc72fec277
Successful Login API Response, 650027941893a8dc72fec282
Successful Login API Response, 650027941893a8dc72fec283
Successful Login API Response, 650027941893a8dc72fec289
Successful Login API Response, 650027941893a8dc72fec280
Successful Login API Response, 650027941893a8dc72fec28e
Successful Login API Response, 650027941893a8dc72fec28d
Successful Login API Response, 650027941893a8dc72fec28f
Successful Login API Response, 650027941893a8dc72fec298
Successful Login API Response, 650027941893a8dc72fec294
Successful Login API Response, 650027951893a8dc72fec2a2
Successful Login API Response, 650027941893a8dc72fec297
Successful Login API Response, 650027951893a8dc72fec2a1
Successful Login API Response, 650027951893a8dc72fec2aa
Successful Login API Response, 650027951893a8dc72fec2ac
Successful Login API Response, 650027951893a8dc72fec2a9
Successful Login API Response, 650027951893a8dc72fec2a5
Successful Login API Response, 650027951893a8dc72fec2ab
Successful Login API Response, 650027951893a8dc72fec2ba
Successful Login API Response, 650027951893a8dc72fec2b0
Successful Login API Response, 650027951893a8dc72fec2b9
Successful Login API Response, 650027951893a8dc72fec2c2
Successful Login API Response, 650027951893a8dc72fec2c1
Successful Login API Response, 650027951893a8dc72fec2c9
Successful Login API Response, 650027951893a8dc72fec2be
Successful Login API Response, 650027951893a8dc72fec2c7
Successful Login API Response, 650027951893a8dc72fec2cb
Successful Login API Response, 650027951893a8dc72fec2cc
Successful Login API Response, 650027951893a8dc72fec2ca
Successful Login API Response, 650027961893a8dc72fec2d2
Successful Login API Response, 650027961893a8dc72fec2d5
Successful Login API Response, 650027961893a8dc72fec2d6
Successful Login API Response, 650027951893a8dc72fec2c8
Successful Login API Response, 650027951893a8dc72fec2bb
Successful Login API Response, 650027961893a8dc72fec2d4
Successful Login API Response, 650027961893a8dc72fec2d3
Successful Login API Response, 650027961893a8dc72fec2e8
Successful Login API Response, 650027961893a8dc72fec2eb
Successful Login API Response, 650027961893a8dc72fec2ee
Successful Login API Response, 650027961893a8dc72fec2e9
Successful Login API Response, 650027961893a8dc72fec2fd
Successful Login API Response, 650027961893a8dc72fec2fe
Successful Login API Response, 650027961893a8dc72fec2fa
Successful Login API Response, 650027961893a8dc72fec2f9
Successful Login API Response, 650027961893a8dc72fec305
Successful Login API Response, 650027961893a8dc72fec304
Successful Login API Response, 650027961893a8dc72fec306
Successful Login API Response, 650027971893a8dc72fec307
Successful Login API Response, 650027971893a8dc72fec317
Successful Login API Response, 650027971893a8dc72fec308
Successful Login API Response, 650027971893a8dc72fec316
Successful Login API Response, 650027971893a8dc72fec315
Successful Login API Response, 650027971893a8dc72fec31d
Successful Login API Response, 650027971893a8dc72fec31c
Successful Login API Response, 650027971893a8dc72fec326
Successful Login API Response, 650027971893a8dc72fec31e
Successful Login API Response, 650027971893a8dc72fec327
Successful Login API Response, 650027971893a8dc72fec325
Successful Login API Response, 650027971893a8dc72fec32f
Successful Login API Response, 650027971893a8dc72fec335
Successful Login API Response, 650027971893a8dc72fec32e
Successful Login API Response, 650027971893a8dc72fec337
Successful Login API Response, 650027981893a8dc72fec33f
Successful Login API Response, 650027981893a8dc72fec33e
Successful Login API Response, 650027981893a8dc72fec340
Successful Login API Response, 650027981893a8dc72fec33d
Successful Login API Response, 650027981893a8dc72fec341
Successful Login API Response, 650027981893a8dc72fec33c
Successful Login API Response, 650027981893a8dc72fec34d
Successful Login API Response, 650027981893a8dc72fec36a
Successful Login API Response, 650027981893a8dc72fec358
Successful Login API Response, 650027981893a8dc72fec357
Successful Login API Response, 650027981893a8dc72fec343
Successful Login API Response, 650027981893a8dc72fec365
Successful Login API Response, 650027981893a8dc72fec356
Successful Login API Response, 650027981893a8dc72fec363
Successful Login API Response, 650027981893a8dc72fec34b
Successful Login API Response, 650027981893a8dc72fec34f
Successful Login API Response, 650027981893a8dc72fec34e
Successful Login API Response, 650027991893a8dc72fec371
Successful Login API Response, 650027981893a8dc72fec341
Successful Login API Response, 650027991893a8dc72fec36d
Successful Login API Response, 650027981893a8dc72fec364
Successful Login API Response, 650027991893a8dc72fec36f
Successful Login API Response, 650027991893a8dc72fec36e
Successful Login API Response, 650027991893a8dc72fec388
Successful Login API Response, 650027991893a8dc72fec373
Successful Login API Response, 650027991893a8dc72fec38b
Successful Login API Response, 650027991893a8dc72fec38a
Successful Login API Response, 650027911893a8dc72fec227
Successful Login API Response, 650027921893a8dc72fec22a
Successful Login API Response, 650027921893a8dc72fec22d
Successful Login API Response, 650027921893a8dc72fec230
Successful Login API Response, 650027921893a8dc72fec233
Successful Login API Response, 650027921893a8dc72fec236
Successful Login API Response, 650027921893a8dc72fec238
Successful Login API Response, 650027921893a8dc72fec23b
Successful Login API Response, 650027921893a8dc72fec23f
Successful Login API Response, 650027921893a8dc72fec242
Successful Login API Response, 650027921893a8dc72fec245
Successful Login API Response, 650027921893a8dc72fec248
Successful Login API Response, 650027921893a8dc72fec246
Successful Login API Response, 650027931893a8dc72fec24e
Successful Login API Response, 650027931893a8dc72fec250
Successful Login API Response, 650027931893a8dc72fec24f
Successful Login API Response, 650027931893a8dc72fec255
Successful Login API Response, 650027931893a8dc72fec256
Successful Login API Response, 650027931893a8dc72fec25c
Successful Login API Response, 650027931893a8dc72fec25f
Successful Login API Response, 650027931893a8dc72fec262
Successful Login API Response, 650027931893a8dc72fec265
Successful Login API Response, 650027931893a8dc72fec266
Successful Login API Response, 650027931893a8dc72fec26b
Successful Login API Response, 650027931893a8dc72fec26a
Successful Login API Response, 650027941893a8dc72fec270
Successful Login API Response, 650027941893a8dc72fec274
Successful Login API Response, 650027941893a8dc72fec278
Successful Login API Response, 650027941893a8dc72fec279
Successful Login API Response, 650027911893a8dc72fec227
Successful Login API Response, 650027921893a8dc72fec22a
Successful Login API Response, 650027921893a8dc72fec22d
Successful Login API Response, 650027921893a8dc72fec230
Successful Login API Response, 650027921893a8dc72fec233
Successful Login API Response, 650027921893a8dc72fec236
Successful Login API Response, 650027921893a8dc72fec238
Successful Login API Response, 650027921893a8dc72fec23b
Successful Login API Response, 650027921893a8dc72fec23f
Successful Login API Response, 650027921893a8dc72fec242
Successful Login API Response, 650027921893a8dc72fec245
Successful Login API Response, 650027921893a8dc72fec248
Successful Login API Response, 650027921893a8dc72fec246
Successful Login API Response, 650027931893a8dc72fec24e
Successful Login API Response, 650027931893a8dc72fec250
Successful Login API Response, 650027931893a8dc72fec24f
Successful Login API Response, 650027931893a8dc72fec255
Successful Login API Response, 650027931893a8dc72fec256
Successful Login API Response, 650027931893a8dc72fec25c
Successful Login API Response, 650027931893a8dc72fec25f
Successful Login API Response, 650027931893a8dc72fec262
Successful Login API Response, 650027931893a8dc72fec265
Successful Login API Response, 650027931893a8dc72fec266
Successful Login API Response, 650027931893a8dc72fec26b
Successful Login API Response, 650027931893a8dc72fec26a
Successful Login API Response, 650027941893a8dc72fec270
Successful Login API Response, 650027941893a8dc72fec274
Successful Login API Response, 650027941893a8dc72fec278
Successful Login API Response, 650027941893a8dc72fec279
Successful Login API Response, 650027941893a8dc72fec27a
Successful Login API Response, 650027941893a8dc72fec277
Successful Login API Response, 650027941893a8dc72fec282
Successful Login API Response, 650027941893a8dc72fec283
Successful Login API Response, 650027941893a8dc72fec289
Successful Login API Response, 650027941893a8dc72fec280
Successful Login API Response, 650027941893a8dc72fec28e
Successful Login API Response, 650027941893a8dc72fec28d
Successful Login API Response, 650027941893a8dc72fec28f
Successful Login API Response, 650027941893a8dc72fec298
Successful Login API Response, 650027941893a8dc72fec294
Successful Login API Response, 650027951893a8dc72fec2a2
Successful Login API Response, 650027941893a8dc72fec297
Successful Login API Response, 650027951893a8dc72fec2a1
Successful Login API Response, 650027951893a8dc72fec2aa
Successful Login API Response, 650027951893a8dc72fec2ac
Successful Login API Response, 650027911893a8dc72fec227
Successful Login API Response, 650027921893a8dc72fec22a
Successful Login API Response, 650027921893a8dc72fec22d
Successful Login API Response, 650027921893a8dc72fec230
Successful Login API Response, 650027921893a8dc72fec233
Successful Login API Response, 650027921893a8dc72fec236
Successful Login API Response, 650027921893a8dc72fec238
Successful Login API Response, 650027921893a8dc72fec23b
Successful Login API Response, 650027921893a8dc72fec23f
Successful Login API Response, 650027921893a8dc72fec242
Successful Login API Response, 650027921893a8dc72fec245
Successful Login API Response, 650027921893a8dc72fec248
Successful Login API Response, 650027921893a8dc72fec246
Successful Login API Response, 650027931893a8dc72fec24e
Successful Login API Response, 650027931893a8dc72fec250
Successful Login API Response, 650027931893a8dc72fec24f
Successful Login API Response, 650027931893a8dc72fec255
Successful Login API Response, 650027931893a8dc72fec256
Successful Login API Response, 650027931893a8dc72fec25c
Successful Login API Response, 650027931893a8dc72fec25f
Successful Login API Response, 650027931893a8dc72fec262
Successful Login API Response, 650027931893a8dc72fec265
Successful Login API Response, 650027931893a8dc72fec266
Successful Login API Response, 650027931893a8dc72fec26b
Successful Login API Response, 650027931893a8dc72fec26a
Successful Login API Response, 650027941893a8dc72fec270
Successful Login API Response, 650027941893a8dc72fec274
Successful Login API Response, 650027941893a8dc72fec278
Successful Login API Response, 650027941893a8dc72fec279
Successful Login API Response, 650027941893a8dc72fec27a
Successful Login API Response, 650027941893a8dc72fec277
Successful Login API Response, 650027941893a8dc72fec282
Successful Login API Response, 650027941893a8dc72fec283
Successful Login API Response, 650027941893a8dc72fec289
Successful Login API Response, 650027941893a8dc72fec280
Successful Login API Response, 650027941893a8dc72fec28e
Successful Login API Response, 650027941893a8dc72fec28d
Successful Login API Response, 650027941893a8dc72fec28f
Successful Login API Response, 650027941893a8dc72fec298
Successful Login API Response, 650027941893a8dc72fec294
Successful Login API Response, 650027951893a8dc72fec2a2
Successful Login API Response, 650027941893a8dc72fec297
Successful Login API Response, 650027951893a8dc72fec2a1
Successful Login API Response, 650027951893a8dc72fec2aa
Successful Login API Response, 650027951893a8dc72fec2ac
Successful Login API Response, 650027951893a8dc72fec2a9
Successful Login API Response, 650027951893a8dc72fec2a5
Successful Login API Response, 650027951893a8dc72fec2ab
Successful Login API Response, 650027951893a8dc72fec2ba
Successful Login API Response, 650027951893a8dc72fec2b0
Successful Login API Response, 650027951893a8dc72fec2b9
Successful Login API Response, 650027951893a8dc72fec2c2
Successful Login API Response, 650027951893a8dc72fec2c1
Successful Login API Response, 650027951893a8dc72fec2c9
Successful Login API Response, 650027951893a8dc72fec2be
Successful Login API Response, 650027951893a8dc72fec2c7
Successful Login API Response, 650027951893a8dc72fec2cb
Successful Login API Response, 650027951893a8dc72fec2cc
Successful Login API Response, 650027951893a8dc72fec2ca
Successful Login API Response, 650027961893a8dc72fec2d2
Successful Login API Response, 650027961893a8dc72fec2d5
Successful Login API Response, 650027961893a8dc72fec2d6
Successful Login API Response, 650027951893a8dc72fec2c8
Successful Login API Response, 650027951893a8dc72fec2bb
Successful Login API Response, 650027961893a8dc72fec2d4
Successful Login API Response, 650027961893a8dc72fec2d3
Successful Login API Response, 650027961893a8dc72fec2e8
Successful Login API Response, 650027961893a8dc72fec2eb
Successful Login API Response, 650027961893a8dc72fec2ee
Successful Login API Response, 650027961893a8dc72fec2e9
Successful Login API Response, 650027961893a8dc72fec2fd
Successful Login API Response, 650027961893a8dc72fec2fe
Successful Login API Response, 650027961893a8dc72fec2fa
Successful Login API Response, 650027961893a8dc72fec2f9
Successful Login API Response, 650027961893a8dc72fec305
Successful Login API Response, 650027961893a8dc72fec304
Successful Login API Response, 650027961893a8dc72fec306
Successful Login API Response, 650027971893a8dc72fec307
Successful Login API Response, 650027971893a8dc72fec317
Successful Login API Response, 650027971893a8dc72fec308
Successful Login API Response, 650027971893a8dc72fec316
Successful Login API Response, 650027971893a8dc72fec315
Successful Login API Response, 650027971893a8dc72fec31d
Successful Login API Response, 650027971893a8dc72fec31c
Successful Login API Response, 650027971893a8dc72fec326
Successful Login API Response, 650027971893a8dc72fec31e
Successful Login API Response, 650027971893a8dc72fec327
Successful Login API Response, 650027971893a8dc72fec325
Successful Login API Response, 650027971893a8dc72fec32f
Successful Login API Response, 650027971893a8dc72fec335
Successful Login API Response, 650027911893a8dc72fec227
