Successful Login API Response,201,650027911893a8dc72fec227,506.701,OrderID:42548,TMS00425488
Successful Login API Response,201,650027921893a8dc72fec22a,296.215,OrderID:42549,TMS00425491
Successful Login API Response,201,650027921893a8dc72fec22d,512.021,OrderID:42550,TMS00425503
Successful Login API Response,201,650027921893a8dc72fec230,308.981,OrderID:42551,TMS00425514
Successful Login API Response,201,650027921893a8dc72fec233,442.609,OrderID:42552,TMS00425521
Successful Login API Response,201,650027921893a8dc72fec236,302.698,OrderID:42553,TMS00425531
Successful Login API Response,201,650027921893a8dc72fec238,345.797,OrderID:42554,TMS00425541
Successful Login API Response,201,650027921893a8dc72fec23b,254.929,OrderID:42555,TMS00425558
Successful Login API Response,201,650027921893a8dc72fec23f,418.829,OrderID:42556,TMS00425566
Successful Login API Response,201,650027921893a8dc72fec242,269.901,OrderID:42557,TMS00425578
Successful Login API Response,201,650027921893a8dc72fec245,427.48,OrderID:42558,TMS00425583
Successful Login API Response,201,650027921893a8dc72fec248,295.166,OrderID:42559,TMS00425597
Successful Login API Response,201,650027921893a8dc72fec246,420.949,OrderID:42560,TMS00425604
Successful Login API Response,201,650027931893a8dc72fec24e,258.747,OrderID:42561,TMS00425614
Successful Login API Response,201,650027931893a8dc72fec250,353.927,OrderID:42562,TMS00425621
Successful Login API Response,201,650027931893a8dc72fec24f,283.29,OrderID:42563,TMS00425635
Successful Login API Response,201,650027931893a8dc72fec255,482.56,OrderID:42564,TMS00425642
Successful Login API Response,201,650027931893a8dc72fec256,279.818,OrderID:42565,TMS00425656
Successful Login API Response,201,650027931893a8dc72fec25c,515.12,OrderID:42566,TMS00425665
Successful Login API Response,201,650027931893a8dc72fec25f,298.185,OrderID:42567,TMS00425677
Successful Login API Response,201,650027931893a8dc72fec262,596.477,OrderID:42568,TMS00425689
Successful Login API Response,201,650027931893a8dc72fec265,231.987,OrderID:42569,TMS00425695
Successful Login API Response,201,650027931893a8dc72fec266,473.481,OrderID:42570,TMS00425703
Successful Login API Response,201,650027931893a8dc72fec26b,287.965,OrderID:42571,TMS00425714
Successful Login API Response,201,650027931893a8dc72fec26a,414.128,OrderID:42572,TMS00425724
Successful Login API Response,201,650027941893a8dc72fec270,293.614,OrderID:42573,TMS00425737
Successful Login API Response,201,650027941893a8dc72fec274,390.468,OrderID:42574,TMS00425748
Successful Login API Response,201,650027941893a8dc72fec278,290.794,OrderID:42575,TMS00425754
Successful Login API Response,201,650027941893a8dc72fec279,651.823,OrderID:42576,TMS00425767
Successful Login API Response,201,650027941893a8dc72fec27a,261.141,OrderID:42577,TMS00425779
Successful Login API Response,201,650027941893a8dc72fec277,601.683,OrderID:42578,TMS00425786
Successful Login API Response,201,650027941893a8dc72fec282,483.381,OrderID:42579,TMS00425798
Successful Login API Response,201,650027941893a8dc72fec283,415.606,OrderID:42580,TMS00425809
Successful Login API Response,201,650027941893a8dc72fec289,278.692,OrderID:42581,TMS00425814
Successful Login API Response,201,650027941893a8dc72fec280,498.027,OrderID:42582,TMS00425828
Successful Login API Response,201,650027941893a8dc72fec28e,273.682,OrderID:42583,TMS00425832
Successful Login API Response,201,650027941893a8dc72fec28d,721.017,OrderID:42584,TMS00425846
Successful Login API Response,201,650027941893a8dc72fec28f,253.036,OrderID:42585,TMS00425856
Successful Login API Response,201,650027941893a8dc72fec298,446.383,OrderID:42586,TMS00425864
Successful Login API Response,201,650027941893a8dc72fec294,275.923,OrderID:42587,TMS00425878
Successful Login API Response,201,650027951893a8dc72fec2a2,278.463,OrderID:42588,TMS00425884
Successful Login API Response,201,650027941893a8dc72fec297,248.526,OrderID:42589,TMS00425897
Successful Login API Response,201,650027951893a8dc72fec2a1,401.307,OrderID:42590,TMS00425904
Successful Login API Response,201,650027951893a8dc72fec2aa,309.866,OrderID:42591,TMS00425916
Successful Login API Response,201,650027951893a8dc72fec2ac,492.565,OrderID:42592,TMS00425926
Successful Login API Response,201,650027951893a8dc72fec2a9,283.455,OrderID:42593,TMS00425934
Successful Login API Response,201,650027951893a8dc72fec2a5,513.579,OrderID:42594,TMS00425947
Successful Login API Response,201,650027951893a8dc72fec2ab,266.17,OrderID:42595,TMS00425958
Successful Login API Response,201,650027951893a8dc72fec2ba,347.949,OrderID:42596,TMS00425963
Successful Login API Response,201,650027951893a8dc72fec2b0,261.281,OrderID:42597,TMS00425977
Successful Login API Response,201,650027951893a8dc72fec2b9,305.427,OrderID:42598,TMS00425986
Successful Login API Response,201,650027951893a8dc72fec2c2,346.106,OrderID:42599,TMS00425993
Successful Login API Response,201,650027951893a8dc72fec2c1,349.275,OrderID:42600,TMS00426001
Successful Login API Response,201,650027951893a8dc72fec2c9,289.651,OrderID:42601,TMS00426012
Successful Login API Response,201,650027951893a8dc72fec2be,413.244,OrderID:42602,TMS00426029
Successful Login API Response,201,650027951893a8dc72fec2c7,263.099,OrderID:42603,TMS00426035
Successful Login API Response,201,650027951893a8dc72fec2cb,341.404,OrderID:42604,TMS00426044
Successful Login API Response,201,650027951893a8dc72fec2cc,305.252,OrderID:42605,TMS00426058
Successful Login API Response,201,650027951893a8dc72fec2ca,340.275,OrderID:42606,TMS00426061
Successful Login API Response,201,650027961893a8dc72fec2d2,282.67,OrderID:42607,TMS00426075
Successful Login API Response,201,650027961893a8dc72fec2d5,277.481,OrderID:42608,TMS00426082
Successful Login API Response,201,650027961893a8dc72fec2d6,279.944,OrderID:42609,TMS00426099
Successful Login API Response,201,650027951893a8dc72fec2c8,387.302,OrderID:42610,TMS00426101
Successful Login API Response,201,650027951893a8dc72fec2bb,302.204,OrderID:42611,TMS00426112
Successful Login API Response,201,650027961893a8dc72fec2d4,325.943,OrderID:42612,TMS00426125
Successful Login API Response,201,650027961893a8dc72fec2d3,244.927,OrderID:42613,TMS00426132
Successful Login API Response,201,650027961893a8dc72fec2e8,346.948,OrderID:42614,TMS00426146
Successful Login API Response,201,650027961893a8dc72fec2eb,243.486,OrderID:42615,TMS00426159
Successful Login API Response,201,650027961893a8dc72fec2ee,337.621,OrderID:42616,TMS00426168
Successful Login API Response,201,650027961893a8dc72fec2e9,261.754,OrderID:42617,TMS00426177
Successful Login API Response,201,650027961893a8dc72fec2fd,1051.916,OrderID:42618,TMS00426182
Successful Login API Response,201,650027961893a8dc72fec2fe,239.222,OrderID:42619,TMS00426191
Successful Login API Response,201,650027961893a8dc72fec2fa,353.539,OrderID:42620,TMS00426202
Successful Login API Response,201,650027961893a8dc72fec2f9,256.238,OrderID:42621,TMS00426219
Successful Login API Response,201,650027961893a8dc72fec305,335.159,OrderID:42622,TMS00426221
Successful Login API Response,201,650027961893a8dc72fec304,264.503,OrderID:42623,TMS00426231
Successful Login API Response,201,650027961893a8dc72fec306,317.708,OrderID:42624,TMS00426248
Successful Login API Response,201,650027971893a8dc72fec307,620.589,OrderID:42625,TMS00426253
Successful Login API Response,201,650027971893a8dc72fec317,384.069,OrderID:42626,TMS00426264
Successful Login API Response,201,650027971893a8dc72fec308,270.74,OrderID:42627,TMS00426273
Successful Login API Response,201,650027971893a8dc72fec316,537.375,OrderID:42628,TMS00426282
Successful Login API Response,201,650027971893a8dc72fec315,267.179,OrderID:42629,TMS00426298
Successful Login API Response,201,650027971893a8dc72fec31d,525.23,OrderID:42630,TMS00426304
Successful Login API Response,201,650027971893a8dc72fec31c,256.12,OrderID:42631,TMS00426312
Successful Login API Response,201,650027971893a8dc72fec326,440.342,OrderID:42632,TMS00426324
Successful Login API Response,201,650027971893a8dc72fec31e,254.772,OrderID:42633,TMS00426331
Successful Login API Response,201,650027971893a8dc72fec327,336.975,OrderID:42634,TMS00426348
Successful Login API Response,201,650027971893a8dc72fec325,270.558,OrderID:42635,TMS00426359
Successful Login API Response,201,650027971893a8dc72fec32f,346.601,OrderID:42636,TMS00426367
Successful Login API Response,201,650027971893a8dc72fec335,259.189,OrderID:42637,TMS00426378
Successful Login API Response,201,650027971893a8dc72fec32e,489.082,OrderID:42638,TMS00426385
Successful Login API Response,201,650027971893a8dc72fec337,242.371,OrderID:42639,TMS00426399
Successful Login API Response,201,650027981893a8dc72fec33f,299.627,OrderID:42640,TMS00426402
Successful Login API Response,201,650027981893a8dc72fec33e,238.583,OrderID:42641,TMS00426416
Successful Login API Response,201,650027981893a8dc72fec340,275.116,OrderID:42642,TMS00426428
Successful Login API Response,201,650027981893a8dc72fec33d,243.347,OrderID:42643,TMS00426436
Successful Login API Response,201,650027981893a8dc72fec341,340.224,OrderID:42644,TMS00426441
Successful Login API Response,201,650027981893a8dc72fec33c,244.22,OrderID:42645,TMS00426452
Successful Login API Response,201,650027981893a8dc72fec34d,316.714,OrderID:42646,TMS00426469
Successful Login API Response,201,650027981893a8dc72fec36a,272.505,OrderID:42647,TMS00426473
Successful Login API Response,201,650027981893a8dc72fec358,440.619,OrderID:42648,TMS00426489
Successful Login API Response,201,650027981893a8dc72fec357,260.722,OrderID:42649,TMS00426494
Successful Login API Response,201,650027981893a8dc72fec343,343.609,OrderID:42650,TMS00426506
Successful Login API Response,201,650027981893a8dc72fec365,246.795,OrderID:42651,TMS00426514
Successful Login API Response,201,650027981893a8dc72fec356,362.608,OrderID:42652,TMS00426526
Successful Login API Response,201,650027981893a8dc72fec363,754.313,OrderID:42653,TMS00426538
Successful Login API Response,201,650027981893a8dc72fec34b,355.516,OrderID:42654,TMS00426548
Successful Login API Response,201,650027981893a8dc72fec34f,353.705,OrderID:42655,TMS00426558
Successful Login API Response,201,650027981893a8dc72fec34e,337.535,OrderID:42656,TMS00426568
Successful Login API Response,201,650027991893a8dc72fec371,244.561,OrderID:42657,TMS00426579
Successful Login API Response,201,650027981893a8dc72fec341,406.792,OrderID:42658,TMS00426585
Successful Login API Response,201,650027991893a8dc72fec36d,289.759,OrderID:42659,TMS00426592
Successful Login API Response,201,650027981893a8dc72fec364,432.648,OrderID:42660,TMS00426608
Successful Login API Response,201,650027991893a8dc72fec36f,263.599,OrderID:42661,TMS00426615
Successful Login API Response,201,650027991893a8dc72fec36e,327.46,OrderID:42662,TMS00426621
Successful Login API Response,201,650027991893a8dc72fec388,275.801,OrderID:42663,TMS00426639
Successful Login API Response,201,650027991893a8dc72fec373,330.169,OrderID:42664,TMS00426648
Successful Login API Response,201,650027991893a8dc72fec38b,271.52,OrderID:42665,TMS00426656
Successful Login API Response,201,650027991893a8dc72fec38a,325.344,OrderID:42666,TMS00426662
Successful Login API Response,[object Object],201,650027911893a8dc72fec227,370.65,OrderID:42669,TMS00426694
