Successful:200,205.554,650027911893a8dc72fec227,eyJhbGciOiJIUzI1NiIsInR5cCI6IkpXVCJ9.eyJpZCI6IjY1MDAyNzkxMTg5M2E4ZGM3MmZlYzIyNyIsImlzX2FkbWluIjpmYWxzZSwiY29udGFjdCI6IiIsImVtYWlsIjoibWFydGluX2t1YkB5YWhvby5jb20iLCJsb2dpbl90eXBlIjoiZW1haWwiLCJsb2dpbl9zb3VyY2UiOiIxMG1pbnNjaG9vbCIsImxvZ2luX3RhcmdldCI6IiIsImxvZ2luX2FzIjowLCJuYW1lIjoiVWxpY2VzIiwiaXNfYWN0aXZlIjpmYWxzZSwidmVyaWZpZWQiOnRydWUsImRldmljZV9pZCI6IjY1NTQ2MzU0YjNlZThjOTA5ZDA3NzMzMiIsImRldmljZSI6eyJkZXZpY2VfaWQiOiI2NTU0NjM1NGIzZWU4YzkwOWQwNzczMzIiLCJkZXZpY2VfbmFtZSI6ImlzaGFraHR0cCAiLCJkZXZpY2VfdHlwZSI6ImJyb3dzZXIiLCJkZXZpY2Vfb3MiOiIiLCJvcmlnaW4iOiJ1bmtub3duIiwiaXBfYWRkcmVzcyI6IjU5LjE1My4xMDIuMTMyIn0sInVzZXJfc3RhdHVzIjoiIiwiZGF0ZV9qb2luZWQiOiIyMDIzLTA5LTEyVDA4OjU1OjQ1Ljk4N1oiLCJ0b2tlbl90eXBlIjoiYWNjZXNzIiwiZXhwIjoxNzAwMDU4MDY4fQ.Oz2lPQdt_hOBM-ZXDm6CEk_g9uHkvG9hV23SgkBQnNU
Successful:200,184.449,650027921893a8dc72fec22a,eyJhbGciOiJIUzI1NiIsInR5cCI6IkpXVCJ9.eyJpZCI6IjY1MDAyNzkyMTg5M2E4ZGM3MmZlYzIyYSIsImlzX2FkbWluIjpmYWxzZSwiY29udGFjdCI6IiIsImVtYWlsIjoiYW1peWE2N0BnbWFpbC5jb20iLCJsb2dpbl90eXBlIjoiZW1haWwiLCJsb2dpbl9zb3VyY2UiOiIxMG1pbnNjaG9vbCIsImxvZ2luX3RhcmdldCI6IiIsImxvZ2luX2FzIjowLCJuYW1lIjoiQWlzaGEiLCJpc19hY3RpdmUiOmZhbHNlLCJ2ZXJpZmllZCI6dHJ1ZSwiZGV2aWNlX2lkIjoiNjU1NDYzNTRiM2VlOGM5MDlkMDc3MzM0IiwiZGV2aWNlIjp7ImRldmljZV9pZCI6IjY1NTQ2MzU0YjNlZThjOTA5ZDA3NzMzNCIsImRldmljZV9uYW1lIjoiaXNoYWtodHRwICIsImRldmljZV90eXBlIjoiYnJvd3NlciIsImRldmljZV9vcyI6IiIsIm9yaWdpbiI6InVua25vd24iLCJpcF9hZGRyZXNzIjoiNTkuMTUzLjEwMi4xMzIifSwidXNlcl9zdGF0dXMiOiIiLCJkYXRlX2pvaW5lZCI6IjIwMjMtMDktMTJUMDg6NTU6NDYuMDU4WiIsInRva2VuX3R5cGUiOiJhY2Nlc3MiLCJleHAiOjE3MDAwNTgwNjh9.ULVuvXG9MAtmfzaI_EXxSq63CBRTz-vAbROREc2ktbA
Successful:200,191.361,650027921893a8dc72fec22d,eyJhbGciOiJIUzI1NiIsInR5cCI6IkpXVCJ9.eyJpZCI6IjY1MDAyNzkyMTg5M2E4ZGM3MmZlYzIyZCIsImlzX2FkbWluIjpmYWxzZSwiY29udGFjdCI6IiIsImVtYWlsIjoicGFzcXVhbGU0MEBob3RtYWlsLmNvbSIsImxvZ2luX3R5cGUiOiJlbWFpbCIsImxvZ2luX3NvdXJjZSI6IjEwbWluc2Nob29sIiwibG9naW5fdGFyZ2V0IjoiIiwibG9naW5fYXMiOjAsIm5hbWUiOiJIdWRzb24iLCJpc19hY3RpdmUiOmZhbHNlLCJ2ZXJpZmllZCI6dHJ1ZSwiZGV2aWNlX2lkIjoiNjU1NDYzNTRiM2VlOGM5MDlkMDc3MzM2IiwiZGV2aWNlIjp7ImRldmljZV9pZCI6IjY1NTQ2MzU0YjNlZThjOTA5ZDA3NzMzNiIsImRldmljZV9uYW1lIjoiaXNoYWtodHRwICIsImRldmljZV90eXBlIjoiYnJvd3NlciIsImRldmljZV9vcyI6IiIsIm9yaWdpbiI6InVua25vd24iLCJpcF9hZGRyZXNzIjoiNTkuMTUzLjEwMi4xMzIifSwidXNlcl9zdGF0dXMiOiIiLCJkYXRlX2pvaW5lZCI6IjIwMjMtMDktMTJUMDg6NTU6NDYuMTc5WiIsInRva2VuX3R5cGUiOiJhY2Nlc3MiLCJleHAiOjE3MDAwNTgwNjh9.aC-0tAKyn2PdyBv4ma2OtCJzgqWDCsiOQb4FiJhHgRU
Successful:200,187.06,650027921893a8dc72fec230,eyJhbGciOiJIUzI1NiIsInR5cCI6IkpXVCJ9.eyJpZCI6IjY1MDAyNzkyMTg5M2E4ZGM3MmZlYzIzMCIsImlzX2FkbWluIjpmYWxzZSwiY29udGFjdCI6IiIsImVtYWlsIjoiZWRlbl9naWJzb244OUBnbWFpbC5jb20iLCJsb2dpbl90eXBlIjoiZW1haWwiLCJsb2dpbl9zb3VyY2UiOiIxMG1pbnNjaG9vbCIsImxvZ2luX3RhcmdldCI6IiIsImxvZ2luX2FzIjowLCJuYW1lIjoiQW5uZXR0ZSIsImlzX2FjdGl2ZSI6ZmFsc2UsInZlcmlmaWVkIjp0cnVlLCJkZXZpY2VfaWQiOiI2NTU0NjM1NWIzZWU4YzkwOWQwNzczMzgiLCJkZXZpY2UiOnsiZGV2aWNlX2lkIjoiNjU1NDYzNTViM2VlOGM5MDlkMDc3MzM4IiwiZGV2aWNlX25hbWUiOiJpc2hha2h0dHAgIiwiZGV2aWNlX3R5cGUiOiJicm93c2VyIiwiZGV2aWNlX29zIjoiIiwib3JpZ2luIjoidW5rbm93biIsImlwX2FkZHJlc3MiOiI1OS4xNTMuMTAyLjEzMiJ9LCJ1c2VyX3N0YXR1cyI6IiIsImRhdGVfam9pbmVkIjoiMjAyMy0wOS0xMlQwODo1NTo0Ni4yNjhaIiwidG9rZW5fdHlwZSI6ImFjY2VzcyIsImV4cCI6MTcwMDA1ODA2OX0.GeiS20DM1qv2dEoNTVzSYtL49NlAMjDXWGb6MAXufOA
Successful:200,190.353,650027921893a8dc72fec233,eyJhbGciOiJIUzI1NiIsInR5cCI6IkpXVCJ9.eyJpZCI6IjY1MDAyNzkyMTg5M2E4ZGM3MmZlYzIzMyIsImlzX2FkbWluIjpmYWxzZSwiY29udGFjdCI6IiIsImVtYWlsIjoiamFubmllX2dsb3Zlcjg0QGdtYWlsLmNvbSIsImxvZ2luX3R5cGUiOiJlbWFpbCIsImxvZ2luX3NvdXJjZSI6IjEwbWluc2Nob29sIiwibG9naW5fdGFyZ2V0IjoiIiwibG9naW5fYXMiOjAsIm5hbWUiOiJHcmV0YSIsImlzX2FjdGl2ZSI6ZmFsc2UsInZlcmlmaWVkIjp0cnVlLCJkZXZpY2VfaWQiOiI2NTU0NjM1NWIzZWU4YzkwOWQwNzczM2EiLCJkZXZpY2UiOnsiZGV2aWNlX2lkIjoiNjU1NDYzNTViM2VlOGM5MDlkMDc3MzNhIiwiZGV2aWNlX25hbWUiOiJpc2hha2h0dHAgIiwiZGV2aWNlX3R5cGUiOiJicm93c2VyIiwiZGV2aWNlX29zIjoiIiwib3JpZ2luIjoidW5rbm93biIsImlwX2FkZHJlc3MiOiI1OS4xNTMuMTAyLjEzMiJ9LCJ1c2VyX3N0YXR1cyI6IiIsImRhdGVfam9pbmVkIjoiMjAyMy0wOS0xMlQwODo1NTo0Ni4zMjVaIiwidG9rZW5fdHlwZSI6ImFjY2VzcyIsImV4cCI6MTcwMDA1ODA2OX0.oQQ4qFJ20HnbRo00EQ-8-WdJ3tBjtf_cZJxcRZtWErI
Successful:200,180.617,650027921893a8dc72fec236,eyJhbGciOiJIUzI1NiIsInR5cCI6IkpXVCJ9.eyJpZCI6IjY1MDAyNzkyMTg5M2E4ZGM3MmZlYzIzNiIsImlzX2FkbWluIjpmYWxzZSwiY29udGFjdCI6IiIsImVtYWlsIjoiZ2VvZmZyZXk5QGhvdG1haWwuY29tIiwibG9naW5fdHlwZSI6ImVtYWlsIiwibG9naW5fc291cmNlIjoiMTBtaW5zY2hvb2wiLCJsb2dpbl90YXJnZXQiOiIiLCJsb2dpbl9hcyI6MCwibmFtZSI6IlVyYmFuIiwiaXNfYWN0aXZlIjpmYWxzZSwidmVyaWZpZWQiOnRydWUsImRldmljZV9pZCI6IjY1NTQ2MzU1YjNlZThjOTA5ZDA3NzMzYyIsImRldmljZSI6eyJkZXZpY2VfaWQiOiI2NTU0NjM1NWIzZWU4YzkwOWQwNzczM2MiLCJkZXZpY2VfbmFtZSI6ImlzaGFraHR0cCAiLCJkZXZpY2VfdHlwZSI6ImJyb3dzZXIiLCJkZXZpY2Vfb3MiOiIiLCJvcmlnaW4iOiJ1bmtub3duIiwiaXBfYWRkcmVzcyI6IjU5LjE1My4xMDIuMTMyIn0sInVzZXJfc3RhdHVzIjoiIiwiZGF0ZV9qb2luZWQiOiIyMDIzLTA5LTEyVDA4OjU1OjQ2LjUyNloiLCJ0b2tlbl90eXBlIjoiYWNjZXNzIiwiZXhwIjoxNzAwMDU4MDY5fQ.z1BzgQUOoDh7Fh372d29b4eYYecq3dJcjnyCwjLm6fE
Successful:200,192.735,650027921893a8dc72fec238,eyJhbGciOiJIUzI1NiIsInR5cCI6IkpXVCJ9.eyJpZCI6IjY1MDAyNzkyMTg5M2E4ZGM3MmZlYzIzOCIsImlzX2FkbWluIjpmYWxzZSwiY29udGFjdCI6IiIsImVtYWlsIjoiaXZhOTdAeWFob28uY29tIiwibG9naW5fdHlwZSI6ImVtYWlsIiwibG9naW5fc291cmNlIjoiMTBtaW5zY2hvb2wiLCJsb2dpbl90YXJnZXQiOiIiLCJsb2dpbl9hcyI6MCwibmFtZSI6IkVtbWFudWVsbGUiLCJpc19hY3RpdmUiOmZhbHNlLCJ2ZXJpZmllZCI6dHJ1ZSwiZGV2aWNlX2lkIjoiNjU1NDYzNTZiM2VlOGM5MDlkMDc3MzNlIiwiZGV2aWNlIjp7ImRldmljZV9pZCI6IjY1NTQ2MzU2YjNlZThjOTA5ZDA3NzMzZSIsImRldmljZV9uYW1lIjoiaXNoYWtodHRwICIsImRldmljZV90eXBlIjoiYnJvd3NlciIsImRldmljZV9vcyI6IiIsIm9yaWdpbiI6InVua25vd24iLCJpcF9hZGRyZXNzIjoiNTkuMTUzLjEwMi4xMzIifSwidXNlcl9zdGF0dXMiOiIiLCJkYXRlX2pvaW5lZCI6IjIwMjMtMDktMTJUMDg6NTU6NDYuNTUyWiIsInRva2VuX3R5cGUiOiJhY2Nlc3MiLCJleHAiOjE3MDAwNTgwNzB9.iCU1oS8zhSMpdEZmui_GdqY-lVwfpCSBWaD-F0bmOUA
Successful:200,239.877,650027921893a8dc72fec23b,eyJhbGciOiJIUzI1NiIsInR5cCI6IkpXVCJ9.eyJpZCI6IjY1MDAyNzkyMTg5M2E4ZGM3MmZlYzIzYiIsImlzX2FkbWluIjpmYWxzZSwiY29udGFjdCI6IiIsImVtYWlsIjoibmlhX2h1ZHNvbjhAaG90bWFpbC5jb20iLCJsb2dpbl90eXBlIjoiZW1haWwiLCJsb2dpbl9zb3VyY2UiOiIxMG1pbnNjaG9vbCIsImxvZ2luX3RhcmdldCI6IiIsImxvZ2luX2FzIjowLCJuYW1lIjoiQ2FybWVsbGEiLCJpc19hY3RpdmUiOmZhbHNlLCJ2ZXJpZmllZCI6dHJ1ZSwiZGV2aWNlX2lkIjoiNjU1NDYzNTZiM2VlOGM5MDlkMDc3MzQwIiwiZGV2aWNlIjp7ImRldmljZV9pZCI6IjY1NTQ2MzU2YjNlZThjOTA5ZDA3NzM0MCIsImRldmljZV9uYW1lIjoiaXNoYWtodHRwICIsImRldmljZV90eXBlIjoiYnJvd3NlciIsImRldmljZV9vcyI6IiIsIm9yaWdpbiI6InVua25vd24iLCJpcF9hZGRyZXNzIjoiNTkuMTUzLjEwMi4xMzIifSwidXNlcl9zdGF0dXMiOiIiLCJkYXRlX2pvaW5lZCI6IjIwMjMtMDktMTJUMDg6NTU6NDYuNjI3WiIsInRva2VuX3R5cGUiOiJhY2Nlc3MiLCJleHAiOjE3MDAwNTgwNzB9.Pk-Eb8kzkxaGvzMTblKI9fJhCCF7ew_sRVVjNenc1aE
Successful:200,187.512,650027921893a8dc72fec23f,eyJhbGciOiJIUzI1NiIsInR5cCI6IkpXVCJ9.eyJpZCI6IjY1MDAyNzkyMTg5M2E4ZGM3MmZlYzIzZiIsImlzX2FkbWluIjpmYWxzZSwiY29udGFjdCI6IiIsImVtYWlsIjoia2F0aGx5bl9yb2JlbDM4QGdtYWlsLmNvbSIsImxvZ2luX3R5cGUiOiJlbWFpbCIsImxvZ2luX3NvdXJjZSI6IjEwbWluc2Nob29sIiwibG9naW5fdGFyZ2V0IjoiIiwibG9naW5fYXMiOjAsIm5hbWUiOiJKdWRlIiwiaXNfYWN0aXZlIjpmYWxzZSwidmVyaWZpZWQiOnRydWUsImRldmljZV9pZCI6IjY1NTQ2MzU2YjNlZThjOTA5ZDA3NzM0MiIsImRldmljZSI6eyJkZXZpY2VfaWQiOiI2NTU0NjM1NmIzZWU4YzkwOWQwNzczNDIiLCJkZXZpY2VfbmFtZSI6ImlzaGFraHR0cCAiLCJkZXZpY2VfdHlwZSI6ImJyb3dzZXIiLCJkZXZpY2Vfb3MiOiIiLCJvcmlnaW4iOiJ1bmtub3duIiwiaXBfYWRkcmVzcyI6IjU5LjE1My4xMDIuMTMyIn0sInVzZXJfc3RhdHVzIjoiIiwiZGF0ZV9qb2luZWQiOiIyMDIzLTA5LTEyVDA4OjU1OjQ2LjY2NFoiLCJ0b2tlbl90eXBlIjoiYWNjZXNzIiwiZXhwIjoxNzAwMDU4MDcwfQ.x2X452q7VwJL3RqXuTRjuezCSzW0GsG5vRpE4WzNbnE
Successful:200,184.8,650027921893a8dc72fec242,eyJhbGciOiJIUzI1NiIsInR5cCI6IkpXVCJ9.eyJpZCI6IjY1MDAyNzkyMTg5M2E4ZGM3MmZlYzI0MiIsImlzX2FkbWluIjpmYWxzZSwiY29udGFjdCI6IiIsImVtYWlsIjoiYmFyYmFyYTlAaG90bWFpbC5jb20iLCJsb2dpbl90eXBlIjoiZW1haWwiLCJsb2dpbl9zb3VyY2UiOiIxMG1pbnNjaG9vbCIsImxvZ2luX3RhcmdldCI6IiIsImxvZ2luX2FzIjowLCJuYW1lIjoiQ2hlbHNleSIsImlzX2FjdGl2ZSI6ZmFsc2UsInZlcmlmaWVkIjp0cnVlLCJkZXZpY2VfaWQiOiI2NTU0NjM1N2IzZWU4YzkwOWQwNzczNDQiLCJkZXZpY2UiOnsiZGV2aWNlX2lkIjoiNjU1NDYzNTdiM2VlOGM5MDlkMDc3MzQ0IiwiZGV2aWNlX25hbWUiOiJpc2hha2h0dHAgIiwiZGV2aWNlX3R5cGUiOiJicm93c2VyIiwiZGV2aWNlX29zIjoiIiwib3JpZ2luIjoidW5rbm93biIsImlwX2FkZHJlc3MiOiI1OS4xNTMuMTAyLjEzMiJ9LCJ1c2VyX3N0YXR1cyI6IiIsImRhdGVfam9pbmVkIjoiMjAyMy0wOS0xMlQwODo1NTo0Ni43NjdaIiwidG9rZW5fdHlwZSI6ImFjY2VzcyIsImV4cCI6MTcwMDA1ODA3MX0.WNEHvrjXhH8CoDNFrQFs1B-6qWtq7_XpHlFXpRBDHZk
Successful:200,189.566,650027911893a8dc72fec227,eyJhbGciOiJIUzI1NiIsInR5cCI6IkpXVCJ9.eyJpZCI6IjY1MDAyNzkxMTg5M2E4ZGM3MmZlYzIyNyIsImlzX2FkbWluIjpmYWxzZSwiY29udGFjdCI6IiIsImVtYWlsIjoibWFydGluX2t1YkB5YWhvby5jb20iLCJsb2dpbl90eXBlIjoiZW1haWwiLCJsb2dpbl9zb3VyY2UiOiIxMG1pbnNjaG9vbCIsImxvZ2luX3RhcmdldCI6IiIsImxvZ2luX2FzIjowLCJuYW1lIjoiVWxpY2VzIiwiaXNfYWN0aXZlIjpmYWxzZSwidmVyaWZpZWQiOnRydWUsImRldmljZV9pZCI6IjY1NTQ2M2M5YjNlZThjOTA5ZDA3NzM0NiIsImRldmljZSI6eyJkZXZpY2VfaWQiOiI2NTU0NjNjOWIzZWU4YzkwOWQwNzczNDYiLCJkZXZpY2VfbmFtZSI6ImlzaGFraHR0cCAiLCJkZXZpY2VfdHlwZSI6ImJyb3dzZXIiLCJkZXZpY2Vfb3MiOiIiLCJvcmlnaW4iOiJ1bmtub3duIiwiaXBfYWRkcmVzcyI6IjU5LjE1My4xMDIuMTMyIn0sInVzZXJfc3RhdHVzIjoiIiwiZGF0ZV9qb2luZWQiOiIyMDIzLTA5LTEyVDA4OjU1OjQ1Ljk4N1oiLCJ0b2tlbl90eXBlIjoiYWNjZXNzIiwiZXhwIjoxNzAwMDU4MTg1fQ.NLtJIUnieVHoKuGaeAAQeV0ns_adEB_QgNvSPEDdEUw
Successful:200,190.062,650027921893a8dc72fec22a,eyJhbGciOiJIUzI1NiIsInR5cCI6IkpXVCJ9.eyJpZCI6IjY1MDAyNzkyMTg5M2E4ZGM3MmZlYzIyYSIsImlzX2FkbWluIjpmYWxzZSwiY29udGFjdCI6IiIsImVtYWlsIjoiYW1peWE2N0BnbWFpbC5jb20iLCJsb2dpbl90eXBlIjoiZW1haWwiLCJsb2dpbl9zb3VyY2UiOiIxMG1pbnNjaG9vbCIsImxvZ2luX3RhcmdldCI6IiIsImxvZ2luX2FzIjowLCJuYW1lIjoiQWlzaGEiLCJpc19hY3RpdmUiOmZhbHNlLCJ2ZXJpZmllZCI6dHJ1ZSwiZGV2aWNlX2lkIjoiNjU1NDYzYzliM2VlOGM5MDlkMDc3MzQ4IiwiZGV2aWNlIjp7ImRldmljZV9pZCI6IjY1NTQ2M2M5YjNlZThjOTA5ZDA3NzM0OCIsImRldmljZV9uYW1lIjoiaXNoYWtodHRwICIsImRldmljZV90eXBlIjoiYnJvd3NlciIsImRldmljZV9vcyI6IiIsIm9yaWdpbiI6InVua25vd24iLCJpcF9hZGRyZXNzIjoiNTkuMTUzLjEwMi4xMzIifSwidXNlcl9zdGF0dXMiOiIiLCJkYXRlX2pvaW5lZCI6IjIwMjMtMDktMTJUMDg6NTU6NDYuMDU4WiIsInRva2VuX3R5cGUiOiJhY2Nlc3MiLCJleHAiOjE3MDAwNTgxODV9.Bi630bbJTUIwSsh7RAVtk5hUXKy9fioSbuC9PxzLV6I
Successful:200,187.851,650027921893a8dc72fec22d,eyJhbGciOiJIUzI1NiIsInR5cCI6IkpXVCJ9.eyJpZCI6IjY1MDAyNzkyMTg5M2E4ZGM3MmZlYzIyZCIsImlzX2FkbWluIjpmYWxzZSwiY29udGFjdCI6IiIsImVtYWlsIjoicGFzcXVhbGU0MEBob3RtYWlsLmNvbSIsImxvZ2luX3R5cGUiOiJlbWFpbCIsImxvZ2luX3NvdXJjZSI6IjEwbWluc2Nob29sIiwibG9naW5fdGFyZ2V0IjoiIiwibG9naW5fYXMiOjAsIm5hbWUiOiJIdWRzb24iLCJpc19hY3RpdmUiOmZhbHNlLCJ2ZXJpZmllZCI6dHJ1ZSwiZGV2aWNlX2lkIjoiNjU1NDYzYzliM2VlOGM5MDlkMDc3MzRhIiwiZGV2aWNlIjp7ImRldmljZV9pZCI6IjY1NTQ2M2M5YjNlZThjOTA5ZDA3NzM0YSIsImRldmljZV9uYW1lIjoiaXNoYWtodHRwICIsImRldmljZV90eXBlIjoiYnJvd3NlciIsImRldmljZV9vcyI6IiIsIm9yaWdpbiI6InVua25vd24iLCJpcF9hZGRyZXNzIjoiNTkuMTUzLjEwMi4xMzIifSwidXNlcl9zdGF0dXMiOiIiLCJkYXRlX2pvaW5lZCI6IjIwMjMtMDktMTJUMDg6NTU6NDYuMTc5WiIsInRva2VuX3R5cGUiOiJhY2Nlc3MiLCJleHAiOjE3MDAwNTgxODV9.5oB8xETl9dMDHbndtL8rydb8fbzlVqpGVcjVUkDbths
Successful:200,187.15,650027921893a8dc72fec230,eyJhbGciOiJIUzI1NiIsInR5cCI6IkpXVCJ9.eyJpZCI6IjY1MDAyNzkyMTg5M2E4ZGM3MmZlYzIzMCIsImlzX2FkbWluIjpmYWxzZSwiY29udGFjdCI6IiIsImVtYWlsIjoiZWRlbl9naWJzb244OUBnbWFpbC5jb20iLCJsb2dpbl90eXBlIjoiZW1haWwiLCJsb2dpbl9zb3VyY2UiOiIxMG1pbnNjaG9vbCIsImxvZ2luX3RhcmdldCI6IiIsImxvZ2luX2FzIjowLCJuYW1lIjoiQW5uZXR0ZSIsImlzX2FjdGl2ZSI6ZmFsc2UsInZlcmlmaWVkIjp0cnVlLCJkZXZpY2VfaWQiOiI2NTU0NjNjYWIzZWU4YzkwOWQwNzczNGMiLCJkZXZpY2UiOnsiZGV2aWNlX2lkIjoiNjU1NDYzY2FiM2VlOGM5MDlkMDc3MzRjIiwiZGV2aWNlX25hbWUiOiJpc2hha2h0dHAgIiwiZGV2aWNlX3R5cGUiOiJicm93c2VyIiwiZGV2aWNlX29zIjoiIiwib3JpZ2luIjoidW5rbm93biIsImlwX2FkZHJlc3MiOiI1OS4xNTMuMTAyLjEzMiJ9LCJ1c2VyX3N0YXR1cyI6IiIsImRhdGVfam9pbmVkIjoiMjAyMy0wOS0xMlQwODo1NTo0Ni4yNjhaIiwidG9rZW5fdHlwZSI6ImFjY2VzcyIsImV4cCI6MTcwMDA1ODE4Nn0.MmMUS5bmIjd_OQ0FwsTWMPEgdf05ufwLiSZY5O_ihv4
Successful:200,196.702,650027921893a8dc72fec233,eyJhbGciOiJIUzI1NiIsInR5cCI6IkpXVCJ9.eyJpZCI6IjY1MDAyNzkyMTg5M2E4ZGM3MmZlYzIzMyIsImlzX2FkbWluIjpmYWxzZSwiY29udGFjdCI6IiIsImVtYWlsIjoiamFubmllX2dsb3Zlcjg0QGdtYWlsLmNvbSIsImxvZ2luX3R5cGUiOiJlbWFpbCIsImxvZ2luX3NvdXJjZSI6IjEwbWluc2Nob29sIiwibG9naW5fdGFyZ2V0IjoiIiwibG9naW5fYXMiOjAsIm5hbWUiOiJHcmV0YSIsImlzX2FjdGl2ZSI6ZmFsc2UsInZlcmlmaWVkIjp0cnVlLCJkZXZpY2VfaWQiOiI2NTU0NjNjYWIzZWU4YzkwOWQwNzczNGUiLCJkZXZpY2UiOnsiZGV2aWNlX2lkIjoiNjU1NDYzY2FiM2VlOGM5MDlkMDc3MzRlIiwiZGV2aWNlX25hbWUiOiJpc2hha2h0dHAgIiwiZGV2aWNlX3R5cGUiOiJicm93c2VyIiwiZGV2aWNlX29zIjoiIiwib3JpZ2luIjoidW5rbm93biIsImlwX2FkZHJlc3MiOiI1OS4xNTMuMTAyLjEzMiJ9LCJ1c2VyX3N0YXR1cyI6IiIsImRhdGVfam9pbmVkIjoiMjAyMy0wOS0xMlQwODo1NTo0Ni4zMjVaIiwidG9rZW5fdHlwZSI6ImFjY2VzcyIsImV4cCI6MTcwMDA1ODE4Nn0.1Z6db9ZLZNZ5xSfwx82LZz1-SgBNACioc-N5FwtZLs4
Successful:200,183.854,650027921893a8dc72fec236,eyJhbGciOiJIUzI1NiIsInR5cCI6IkpXVCJ9.eyJpZCI6IjY1MDAyNzkyMTg5M2E4ZGM3MmZlYzIzNiIsImlzX2FkbWluIjpmYWxzZSwiY29udGFjdCI6IiIsImVtYWlsIjoiZ2VvZmZyZXk5QGhvdG1haWwuY29tIiwibG9naW5fdHlwZSI6ImVtYWlsIiwibG9naW5fc291cmNlIjoiMTBtaW5zY2hvb2wiLCJsb2dpbl90YXJnZXQiOiIiLCJsb2dpbl9hcyI6MCwibmFtZSI6IlVyYmFuIiwiaXNfYWN0aXZlIjpmYWxzZSwidmVyaWZpZWQiOnRydWUsImRldmljZV9pZCI6IjY1NTQ2M2NhYjNlZThjOTA5ZDA3NzM1MCIsImRldmljZSI6eyJkZXZpY2VfaWQiOiI2NTU0NjNjYWIzZWU4YzkwOWQwNzczNTAiLCJkZXZpY2VfbmFtZSI6ImlzaGFraHR0cCAiLCJkZXZpY2VfdHlwZSI6ImJyb3dzZXIiLCJkZXZpY2Vfb3MiOiIiLCJvcmlnaW4iOiJ1bmtub3duIiwiaXBfYWRkcmVzcyI6IjU5LjE1My4xMDIuMTMyIn0sInVzZXJfc3RhdHVzIjoiIiwiZGF0ZV9qb2luZWQiOiIyMDIzLTA5LTEyVDA4OjU1OjQ2LjUyNloiLCJ0b2tlbl90eXBlIjoiYWNjZXNzIiwiZXhwIjoxNzAwMDU4MTg2fQ.K3V9OyEF0_Ix1YMiQNprobqOvq0323x43kXrfnmwel4
Successful:200,178.477,650027921893a8dc72fec238,eyJhbGciOiJIUzI1NiIsInR5cCI6IkpXVCJ9.eyJpZCI6IjY1MDAyNzkyMTg5M2E4ZGM3MmZlYzIzOCIsImlzX2FkbWluIjpmYWxzZSwiY29udGFjdCI6IiIsImVtYWlsIjoiaXZhOTdAeWFob28uY29tIiwibG9naW5fdHlwZSI6ImVtYWlsIiwibG9naW5fc291cmNlIjoiMTBtaW5zY2hvb2wiLCJsb2dpbl90YXJnZXQiOiIiLCJsb2dpbl9hcyI6MCwibmFtZSI6IkVtbWFudWVsbGUiLCJpc19hY3RpdmUiOmZhbHNlLCJ2ZXJpZmllZCI6dHJ1ZSwiZGV2aWNlX2lkIjoiNjU1NDYzY2JiM2VlOGM5MDlkMDc3MzUyIiwiZGV2aWNlIjp7ImRldmljZV9pZCI6IjY1NTQ2M2NiYjNlZThjOTA5ZDA3NzM1MiIsImRldmljZV9uYW1lIjoiaXNoYWtodHRwICIsImRldmljZV90eXBlIjoiYnJvd3NlciIsImRldmljZV9vcyI6IiIsIm9yaWdpbiI6InVua25vd24iLCJpcF9hZGRyZXNzIjoiNTkuMTUzLjEwMi4xMzIifSwidXNlcl9zdGF0dXMiOiIiLCJkYXRlX2pvaW5lZCI6IjIwMjMtMDktMTJUMDg6NTU6NDYuNTUyWiIsInRva2VuX3R5cGUiOiJhY2Nlc3MiLCJleHAiOjE3MDAwNTgxODd9.w8bSaM5vFRvnI-EEQNiUe5gL1jreMfnG71A6DuHpAAE
Successful:200,178.567,650027921893a8dc72fec23b,eyJhbGciOiJIUzI1NiIsInR5cCI6IkpXVCJ9.eyJpZCI6IjY1MDAyNzkyMTg5M2E4ZGM3MmZlYzIzYiIsImlzX2FkbWluIjpmYWxzZSwiY29udGFjdCI6IiIsImVtYWlsIjoibmlhX2h1ZHNvbjhAaG90bWFpbC5jb20iLCJsb2dpbl90eXBlIjoiZW1haWwiLCJsb2dpbl9zb3VyY2UiOiIxMG1pbnNjaG9vbCIsImxvZ2luX3RhcmdldCI6IiIsImxvZ2luX2FzIjowLCJuYW1lIjoiQ2FybWVsbGEiLCJpc19hY3RpdmUiOmZhbHNlLCJ2ZXJpZmllZCI6dHJ1ZSwiZGV2aWNlX2lkIjoiNjU1NDYzY2JiM2VlOGM5MDlkMDc3MzU0IiwiZGV2aWNlIjp7ImRldmljZV9pZCI6IjY1NTQ2M2NiYjNlZThjOTA5ZDA3NzM1NCIsImRldmljZV9uYW1lIjoiaXNoYWtodHRwICIsImRldmljZV90eXBlIjoiYnJvd3NlciIsImRldmljZV9vcyI6IiIsIm9yaWdpbiI6InVua25vd24iLCJpcF9hZGRyZXNzIjoiNTkuMTUzLjEwMi4xMzIifSwidXNlcl9zdGF0dXMiOiIiLCJkYXRlX2pvaW5lZCI6IjIwMjMtMDktMTJUMDg6NTU6NDYuNjI3WiIsInRva2VuX3R5cGUiOiJhY2Nlc3MiLCJleHAiOjE3MDAwNTgxODd9.TS2ed0r7cEZTU6Uh0ewf0mTLaaQmMu6mT7zETXxYz7M
Successful:200,183.745,650027921893a8dc72fec23f,eyJhbGciOiJIUzI1NiIsInR5cCI6IkpXVCJ9.eyJpZCI6IjY1MDAyNzkyMTg5M2E4ZGM3MmZlYzIzZiIsImlzX2FkbWluIjpmYWxzZSwiY29udGFjdCI6IiIsImVtYWlsIjoia2F0aGx5bl9yb2JlbDM4QGdtYWlsLmNvbSIsImxvZ2luX3R5cGUiOiJlbWFpbCIsImxvZ2luX3NvdXJjZSI6IjEwbWluc2Nob29sIiwibG9naW5fdGFyZ2V0IjoiIiwibG9naW5fYXMiOjAsIm5hbWUiOiJKdWRlIiwiaXNfYWN0aXZlIjpmYWxzZSwidmVyaWZpZWQiOnRydWUsImRldmljZV9pZCI6IjY1NTQ2M2NiYjNlZThjOTA5ZDA3NzM1NiIsImRldmljZSI6eyJkZXZpY2VfaWQiOiI2NTU0NjNjYmIzZWU4YzkwOWQwNzczNTYiLCJkZXZpY2VfbmFtZSI6ImlzaGFraHR0cCAiLCJkZXZpY2VfdHlwZSI6ImJyb3dzZXIiLCJkZXZpY2Vfb3MiOiIiLCJvcmlnaW4iOiJ1bmtub3duIiwiaXBfYWRkcmVzcyI6IjU5LjE1My4xMDIuMTMyIn0sInVzZXJfc3RhdHVzIjoiIiwiZGF0ZV9qb2luZWQiOiIyMDIzLTA5LTEyVDA4OjU1OjQ2LjY2NFoiLCJ0b2tlbl90eXBlIjoiYWNjZXNzIiwiZXhwIjoxNzAwMDU4MTg3fQ.3h7B0MIy4FR_-zfxg18v1TFjQIAFJy3s__DFzrxAlgA
Successful:200,188.35,650027921893a8dc72fec242,eyJhbGciOiJIUzI1NiIsInR5cCI6IkpXVCJ9.eyJpZCI6IjY1MDAyNzkyMTg5M2E4ZGM3MmZlYzI0MiIsImlzX2FkbWluIjpmYWxzZSwiY29udGFjdCI6IiIsImVtYWlsIjoiYmFyYmFyYTlAaG90bWFpbC5jb20iLCJsb2dpbl90eXBlIjoiZW1haWwiLCJsb2dpbl9zb3VyY2UiOiIxMG1pbnNjaG9vbCIsImxvZ2luX3RhcmdldCI6IiIsImxvZ2luX2FzIjowLCJuYW1lIjoiQ2hlbHNleSIsImlzX2FjdGl2ZSI6ZmFsc2UsInZlcmlmaWVkIjp0cnVlLCJkZXZpY2VfaWQiOiI2NTU0NjNjY2IzZWU4YzkwOWQwNzczNTgiLCJkZXZpY2UiOnsiZGV2aWNlX2lkIjoiNjU1NDYzY2NiM2VlOGM5MDlkMDc3MzU4IiwiZGV2aWNlX25hbWUiOiJpc2hha2h0dHAgIiwiZGV2aWNlX3R5cGUiOiJicm93c2VyIiwiZGV2aWNlX29zIjoiIiwib3JpZ2luIjoidW5rbm93biIsImlwX2FkZHJlc3MiOiI1OS4xNTMuMTAyLjEzMiJ9LCJ1c2VyX3N0YXR1cyI6IiIsImRhdGVfam9pbmVkIjoiMjAyMy0wOS0xMlQwODo1NTo0Ni43NjdaIiwidG9rZW5fdHlwZSI6ImFjY2VzcyIsImV4cCI6MTcwMDA1ODE4OH0.oHhyWMi82HUWwC6r4B5depLTw5YexZAVO33QWlSFo3w
Successful:200,192.932,650027911893a8dc72fec227,eyJhbGciOiJIUzI1NiIsInR5cCI6IkpXVCJ9.eyJpZCI6IjY1MDAyNzkxMTg5M2E4ZGM3MmZlYzIyNyIsImlzX2FkbWluIjpmYWxzZSwiY29udGFjdCI6IiIsImVtYWlsIjoibWFydGluX2t1YkB5YWhvby5jb20iLCJsb2dpbl90eXBlIjoiZW1haWwiLCJsb2dpbl9zb3VyY2UiOiIxMG1pbnNjaG9vbCIsImxvZ2luX3RhcmdldCI6IiIsImxvZ2luX2FzIjowLCJuYW1lIjoiVWxpY2VzIiwiaXNfYWN0aXZlIjpmYWxzZSwidmVyaWZpZWQiOnRydWUsImRldmljZV9pZCI6IjY1NTQ2M2ZkYjNlZThjOTA5ZDA3NzM1YSIsImRldmljZSI6eyJkZXZpY2VfaWQiOiI2NTU0NjNmZGIzZWU4YzkwOWQwNzczNWEiLCJkZXZpY2VfbmFtZSI6ImlzaGFraHR0cCAiLCJkZXZpY2VfdHlwZSI6ImJyb3dzZXIiLCJkZXZpY2Vfb3MiOiIiLCJvcmlnaW4iOiJ1bmtub3duIiwiaXBfYWRkcmVzcyI6IjU5LjE1My4xMDIuMTMyIn0sInVzZXJfc3RhdHVzIjoiIiwiZGF0ZV9qb2luZWQiOiIyMDIzLTA5LTEyVDA4OjU1OjQ1Ljk4N1oiLCJ0b2tlbl90eXBlIjoiYWNjZXNzIiwiZXhwIjoxNzAwMDU4MjM3fQ.xraqonq69QUTXt67CgMzYEFgejEv1Xb6zV1evl_gw8s
Successful:200,420.452,650027921893a8dc72fec22a,eyJhbGciOiJIUzI1NiIsInR5cCI6IkpXVCJ9.eyJpZCI6IjY1MDAyNzkyMTg5M2E4ZGM3MmZlYzIyYSIsImlzX2FkbWluIjpmYWxzZSwiY29udGFjdCI6IiIsImVtYWlsIjoiYW1peWE2N0BnbWFpbC5jb20iLCJsb2dpbl90eXBlIjoiZW1haWwiLCJsb2dpbl9zb3VyY2UiOiIxMG1pbnNjaG9vbCIsImxvZ2luX3RhcmdldCI6IiIsImxvZ2luX2FzIjowLCJuYW1lIjoiQWlzaGEiLCJpc19hY3RpdmUiOmZhbHNlLCJ2ZXJpZmllZCI6dHJ1ZSwiZGV2aWNlX2lkIjoiNjU1NDYzZmRiM2VlOGM5MDlkMDc3MzVjIiwiZGV2aWNlIjp7ImRldmljZV9pZCI6IjY1NTQ2M2ZkYjNlZThjOTA5ZDA3NzM1YyIsImRldmljZV9uYW1lIjoiaXNoYWtodHRwICIsImRldmljZV90eXBlIjoiYnJvd3NlciIsImRldmljZV9vcyI6IiIsIm9yaWdpbiI6InVua25vd24iLCJpcF9hZGRyZXNzIjoiNTkuMTUzLjEwMi4xMzIifSwidXNlcl9zdGF0dXMiOiIiLCJkYXRlX2pvaW5lZCI6IjIwMjMtMDktMTJUMDg6NTU6NDYuMDU4WiIsInRva2VuX3R5cGUiOiJhY2Nlc3MiLCJleHAiOjE3MDAwNTgyMzd9.uXJU3S9erEA_HUAPfCEnJIsrkz2gL0UbYlzeKT6VK2A
Successful:200,230.297,650027921893a8dc72fec22d,eyJhbGciOiJIUzI1NiIsInR5cCI6IkpXVCJ9.eyJpZCI6IjY1MDAyNzkyMTg5M2E4ZGM3MmZlYzIyZCIsImlzX2FkbWluIjpmYWxzZSwiY29udGFjdCI6IiIsImVtYWlsIjoicGFzcXVhbGU0MEBob3RtYWlsLmNvbSIsImxvZ2luX3R5cGUiOiJlbWFpbCIsImxvZ2luX3NvdXJjZSI6IjEwbWluc2Nob29sIiwibG9naW5fdGFyZ2V0IjoiIiwibG9naW5fYXMiOjAsIm5hbWUiOiJIdWRzb24iLCJpc19hY3RpdmUiOmZhbHNlLCJ2ZXJpZmllZCI6dHJ1ZSwiZGV2aWNlX2lkIjoiNjU1NDYzZmViM2VlOGM5MDlkMDc3MzVlIiwiZGV2aWNlIjp7ImRldmljZV9pZCI6IjY1NTQ2M2ZlYjNlZThjOTA5ZDA3NzM1ZSIsImRldmljZV9uYW1lIjoiaXNoYWtodHRwICIsImRldmljZV90eXBlIjoiYnJvd3NlciIsImRldmljZV9vcyI6IiIsIm9yaWdpbiI6InVua25vd24iLCJpcF9hZGRyZXNzIjoiNTkuMTUzLjEwMi4xMzIifSwidXNlcl9zdGF0dXMiOiIiLCJkYXRlX2pvaW5lZCI6IjIwMjMtMDktMTJUMDg6NTU6NDYuMTc5WiIsInRva2VuX3R5cGUiOiJhY2Nlc3MiLCJleHAiOjE3MDAwNTgyMzh9.kDETdPETu6oa022N5CMfCf-bAH0wUUNYCtouM7j2N8g
Successful:200,180.841,650027921893a8dc72fec230,eyJhbGciOiJIUzI1NiIsInR5cCI6IkpXVCJ9.eyJpZCI6IjY1MDAyNzkyMTg5M2E4ZGM3MmZlYzIzMCIsImlzX2FkbWluIjpmYWxzZSwiY29udGFjdCI6IiIsImVtYWlsIjoiZWRlbl9naWJzb244OUBnbWFpbC5jb20iLCJsb2dpbl90eXBlIjoiZW1haWwiLCJsb2dpbl9zb3VyY2UiOiIxMG1pbnNjaG9vbCIsImxvZ2luX3RhcmdldCI6IiIsImxvZ2luX2FzIjowLCJuYW1lIjoiQW5uZXR0ZSIsImlzX2FjdGl2ZSI6ZmFsc2UsInZlcmlmaWVkIjp0cnVlLCJkZXZpY2VfaWQiOiI2NTU0NjNmZWIzZWU4YzkwOWQwNzczNjAiLCJkZXZpY2UiOnsiZGV2aWNlX2lkIjoiNjU1NDYzZmViM2VlOGM5MDlkMDc3MzYwIiwiZGV2aWNlX25hbWUiOiJpc2hha2h0dHAgIiwiZGV2aWNlX3R5cGUiOiJicm93c2VyIiwiZGV2aWNlX29zIjoiIiwib3JpZ2luIjoidW5rbm93biIsImlwX2FkZHJlc3MiOiI1OS4xNTMuMTAyLjEzMiJ9LCJ1c2VyX3N0YXR1cyI6IiIsImRhdGVfam9pbmVkIjoiMjAyMy0wOS0xMlQwODo1NTo0Ni4yNjhaIiwidG9rZW5fdHlwZSI6ImFjY2VzcyIsImV4cCI6MTcwMDA1ODIzOH0.7SigisHwQgPozbjLC5k9dCTPS09Gsx_WUlFk1AbdUL0
Successful:200,184.762,650027921893a8dc72fec233,eyJhbGciOiJIUzI1NiIsInR5cCI6IkpXVCJ9.eyJpZCI6IjY1MDAyNzkyMTg5M2E4ZGM3MmZlYzIzMyIsImlzX2FkbWluIjpmYWxzZSwiY29udGFjdCI6IiIsImVtYWlsIjoiamFubmllX2dsb3Zlcjg0QGdtYWlsLmNvbSIsImxvZ2luX3R5cGUiOiJlbWFpbCIsImxvZ2luX3NvdXJjZSI6IjEwbWluc2Nob29sIiwibG9naW5fdGFyZ2V0IjoiIiwibG9naW5fYXMiOjAsIm5hbWUiOiJHcmV0YSIsImlzX2FjdGl2ZSI6ZmFsc2UsInZlcmlmaWVkIjp0cnVlLCJkZXZpY2VfaWQiOiI2NTU0NjNmZmIzZWU4YzkwOWQwNzczNjIiLCJkZXZpY2UiOnsiZGV2aWNlX2lkIjoiNjU1NDYzZmZiM2VlOGM5MDlkMDc3MzYyIiwiZGV2aWNlX25hbWUiOiJpc2hha2h0dHAgIiwiZGV2aWNlX3R5cGUiOiJicm93c2VyIiwiZGV2aWNlX29zIjoiIiwib3JpZ2luIjoidW5rbm93biIsImlwX2FkZHJlc3MiOiI1OS4xNTMuMTAyLjEzMiJ9LCJ1c2VyX3N0YXR1cyI6IiIsImRhdGVfam9pbmVkIjoiMjAyMy0wOS0xMlQwODo1NTo0Ni4zMjVaIiwidG9rZW5fdHlwZSI6ImFjY2VzcyIsImV4cCI6MTcwMDA1ODIzOX0.YaH601OdrsPAGsIGB4jop2S5OSoDGKzhTos7gLVmovc
Successful:200,179.463,650027921893a8dc72fec236,eyJhbGciOiJIUzI1NiIsInR5cCI6IkpXVCJ9.eyJpZCI6IjY1MDAyNzkyMTg5M2E4ZGM3MmZlYzIzNiIsImlzX2FkbWluIjpmYWxzZSwiY29udGFjdCI6IiIsImVtYWlsIjoiZ2VvZmZyZXk5QGhvdG1haWwuY29tIiwibG9naW5fdHlwZSI6ImVtYWlsIiwibG9naW5fc291cmNlIjoiMTBtaW5zY2hvb2wiLCJsb2dpbl90YXJnZXQiOiIiLCJsb2dpbl9hcyI6MCwibmFtZSI6IlVyYmFuIiwiaXNfYWN0aXZlIjpmYWxzZSwidmVyaWZpZWQiOnRydWUsImRldmljZV9pZCI6IjY1NTQ2M2ZmYjNlZThjOTA5ZDA3NzM2NCIsImRldmljZSI6eyJkZXZpY2VfaWQiOiI2NTU0NjNmZmIzZWU4YzkwOWQwNzczNjQiLCJkZXZpY2VfbmFtZSI6ImlzaGFraHR0cCAiLCJkZXZpY2VfdHlwZSI6ImJyb3dzZXIiLCJkZXZpY2Vfb3MiOiIiLCJvcmlnaW4iOiJ1bmtub3duIiwiaXBfYWRkcmVzcyI6IjU5LjE1My4xMDIuMTMyIn0sInVzZXJfc3RhdHVzIjoiIiwiZGF0ZV9qb2luZWQiOiIyMDIzLTA5LTEyVDA4OjU1OjQ2LjUyNloiLCJ0b2tlbl90eXBlIjoiYWNjZXNzIiwiZXhwIjoxNzAwMDU4MjM5fQ.jj8vxVJI3iI8uWuBs-xGmgM3wyNj7T6GI6eAWv7MqDM
Successful:200,177.449,650027921893a8dc72fec238,eyJhbGciOiJIUzI1NiIsInR5cCI6IkpXVCJ9.eyJpZCI6IjY1MDAyNzkyMTg5M2E4ZGM3MmZlYzIzOCIsImlzX2FkbWluIjpmYWxzZSwiY29udGFjdCI6IiIsImVtYWlsIjoiaXZhOTdAeWFob28uY29tIiwibG9naW5fdHlwZSI6ImVtYWlsIiwibG9naW5fc291cmNlIjoiMTBtaW5zY2hvb2wiLCJsb2dpbl90YXJnZXQiOiIiLCJsb2dpbl9hcyI6MCwibmFtZSI6IkVtbWFudWVsbGUiLCJpc19hY3RpdmUiOmZhbHNlLCJ2ZXJpZmllZCI6dHJ1ZSwiZGV2aWNlX2lkIjoiNjU1NDYzZmZiM2VlOGM5MDlkMDc3MzY2IiwiZGV2aWNlIjp7ImRldmljZV9pZCI6IjY1NTQ2M2ZmYjNlZThjOTA5ZDA3NzM2NiIsImRldmljZV9uYW1lIjoiaXNoYWtodHRwICIsImRldmljZV90eXBlIjoiYnJvd3NlciIsImRldmljZV9vcyI6IiIsIm9yaWdpbiI6InVua25vd24iLCJpcF9hZGRyZXNzIjoiNTkuMTUzLjEwMi4xMzIifSwidXNlcl9zdGF0dXMiOiIiLCJkYXRlX2pvaW5lZCI6IjIwMjMtMDktMTJUMDg6NTU6NDYuNTUyWiIsInRva2VuX3R5cGUiOiJhY2Nlc3MiLCJleHAiOjE3MDAwNTgyMzl9.CfJy-JQQqt7dQZpWMg0rf6LrxW-1Il7xO8J5yZ2laXU
Successful:200,275.049,650027921893a8dc72fec23b,eyJhbGciOiJIUzI1NiIsInR5cCI6IkpXVCJ9.eyJpZCI6IjY1MDAyNzkyMTg5M2E4ZGM3MmZlYzIzYiIsImlzX2FkbWluIjpmYWxzZSwiY29udGFjdCI6IiIsImVtYWlsIjoibmlhX2h1ZHNvbjhAaG90bWFpbC5jb20iLCJsb2dpbl90eXBlIjoiZW1haWwiLCJsb2dpbl9zb3VyY2UiOiIxMG1pbnNjaG9vbCIsImxvZ2luX3RhcmdldCI6IiIsImxvZ2luX2FzIjowLCJuYW1lIjoiQ2FybWVsbGEiLCJpc19hY3RpdmUiOmZhbHNlLCJ2ZXJpZmllZCI6dHJ1ZSwiZGV2aWNlX2lkIjoiNjU1NDY0MDBiM2VlOGM5MDlkMDc3MzY4IiwiZGV2aWNlIjp7ImRldmljZV9pZCI6IjY1NTQ2NDAwYjNlZThjOTA5ZDA3NzM2OCIsImRldmljZV9uYW1lIjoiaXNoYWtodHRwICIsImRldmljZV90eXBlIjoiYnJvd3NlciIsImRldmljZV9vcyI6IiIsIm9yaWdpbiI6InVua25vd24iLCJpcF9hZGRyZXNzIjoiNTkuMTUzLjEwMi4xMzIifSwidXNlcl9zdGF0dXMiOiIiLCJkYXRlX2pvaW5lZCI6IjIwMjMtMDktMTJUMDg6NTU6NDYuNjI3WiIsInRva2VuX3R5cGUiOiJhY2Nlc3MiLCJleHAiOjE3MDAwNTgyNDB9.BlCthqdk39cVbNETRuitwLlpK2BMzlj2PAx2aFLsjPs
Successful:200,218.384,650027921893a8dc72fec23f,eyJhbGciOiJIUzI1NiIsInR5cCI6IkpXVCJ9.eyJpZCI6IjY1MDAyNzkyMTg5M2E4ZGM3MmZlYzIzZiIsImlzX2FkbWluIjpmYWxzZSwiY29udGFjdCI6IiIsImVtYWlsIjoia2F0aGx5bl9yb2JlbDM4QGdtYWlsLmNvbSIsImxvZ2luX3R5cGUiOiJlbWFpbCIsImxvZ2luX3NvdXJjZSI6IjEwbWluc2Nob29sIiwibG9naW5fdGFyZ2V0IjoiIiwibG9naW5fYXMiOjAsIm5hbWUiOiJKdWRlIiwiaXNfYWN0aXZlIjpmYWxzZSwidmVyaWZpZWQiOnRydWUsImRldmljZV9pZCI6IjY1NTQ2NDAwYjNlZThjOTA5ZDA3NzM2YSIsImRldmljZSI6eyJkZXZpY2VfaWQiOiI2NTU0NjQwMGIzZWU4YzkwOWQwNzczNmEiLCJkZXZpY2VfbmFtZSI6ImlzaGFraHR0cCAiLCJkZXZpY2VfdHlwZSI6ImJyb3dzZXIiLCJkZXZpY2Vfb3MiOiIiLCJvcmlnaW4iOiJ1bmtub3duIiwiaXBfYWRkcmVzcyI6IjU5LjE1My4xMDIuMTMyIn0sInVzZXJfc3RhdHVzIjoiIiwiZGF0ZV9qb2luZWQiOiIyMDIzLTA5LTEyVDA4OjU1OjQ2LjY2NFoiLCJ0b2tlbl90eXBlIjoiYWNjZXNzIiwiZXhwIjoxNzAwMDU4MjQwfQ.rhKfEYtIkS14daf1VStx86Uy1Vb0rDG5QvU4PnLEamM
Successful:200,189.954,650027921893a8dc72fec242,eyJhbGciOiJIUzI1NiIsInR5cCI6IkpXVCJ9.eyJpZCI6IjY1MDAyNzkyMTg5M2E4ZGM3MmZlYzI0MiIsImlzX2FkbWluIjpmYWxzZSwiY29udGFjdCI6IiIsImVtYWlsIjoiYmFyYmFyYTlAaG90bWFpbC5jb20iLCJsb2dpbl90eXBlIjoiZW1haWwiLCJsb2dpbl9zb3VyY2UiOiIxMG1pbnNjaG9vbCIsImxvZ2luX3RhcmdldCI6IiIsImxvZ2luX2FzIjowLCJuYW1lIjoiQ2hlbHNleSIsImlzX2FjdGl2ZSI6ZmFsc2UsInZlcmlmaWVkIjp0cnVlLCJkZXZpY2VfaWQiOiI2NTU0NjQwMGIzZWU4YzkwOWQwNzczNmMiLCJkZXZpY2UiOnsiZGV2aWNlX2lkIjoiNjU1NDY0MDBiM2VlOGM5MDlkMDc3MzZjIiwiZGV2aWNlX25hbWUiOiJpc2hha2h0dHAgIiwiZGV2aWNlX3R5cGUiOiJicm93c2VyIiwiZGV2aWNlX29zIjoiIiwib3JpZ2luIjoidW5rbm93biIsImlwX2FkZHJlc3MiOiI1OS4xNTMuMTAyLjEzMiJ9LCJ1c2VyX3N0YXR1cyI6IiIsImRhdGVfam9pbmVkIjoiMjAyMy0wOS0xMlQwODo1NTo0Ni43NjdaIiwidG9rZW5fdHlwZSI6ImFjY2VzcyIsImV4cCI6MTcwMDA1ODI0MH0.DZYAy4VMl5sAkJPYsAPzaJHuFlOdJzyRGWT0UzYCzDo
