Successful User Exist API Response,200,109.026,{"data":{"exist":true, "has_password":true}, "message":""}
Successful User Exist API Response,200,125.648,{"data":{"exist":true, "has_password":true}, "message":""}
Successful User Exist API Response,200,123.791,{"data":{"exist":true, "has_password":true}, "message":""}
Successful User Exist API Response,200,137.333,{"data":{"exist":true, "has_password":true}, "message":""}
Successful User Exist API Response,200,136.834,{"data":{"exist":true, "has_password":true}, "message":""}
Successful User Exist API Response,200,147.659,{"data":{"exist":true, "has_password":true}, "message":""}
Successful User Exist API Response,200,149.617,{"data":{"exist":true, "has_password":true}, "message":""}
Successful User Exist API Response,200,151.691,{"data":{"exist":true, "has_password":true}, "message":""}
Successful User Exist API Response,200,153.685,{"data":{"exist":true, "has_password":true}, "message":""}
Successful User Exist API Response,200,177.13,{"data":{"exist":true, "has_password":true}, "message":""}
Successful User Exist API Response,200,110.623,{"data":{"exist":true, "has_password":true}, "message":""}
Successful User Exist API Response,200,115.743,{"data":{"exist":true, "has_password":true}, "message":""}
Successful User Exist API Response,200,116.849,{"data":{"exist":true, "has_password":true}, "message":""}
Successful User Exist API Response,200,128.706,{"data":{"exist":true, "has_password":true}, "message":""}
Successful User Exist API Response,200,131.361,{"data":{"exist":true, "has_password":true}, "message":""}
Successful User Exist API Response,200,132.716,{"data":{"exist":true, "has_password":true}, "message":""}
Successful User Exist API Response,200,165.77,{"data":{"exist":true, "has_password":true}, "message":""}
Successful User Exist API Response,200,173.072,{"data":{"exist":true, "has_password":true}, "message":""}
Successful User Exist API Response,200,182.835,{"data":{"exist":true, "has_password":true}, "message":""}
Successful User Exist API Response,200,195.117,{"data":{"exist":true, "has_password":true}, "message":""}
Successful User Exist API Response,200,225.824,{"data":{"exist":true, "has_password":true}, "message":""}
Successful User Exist API Response,200,101.482,{"data":{"exist":true, "has_password":true}, "message":""}
Successful User Exist API Response,200,115.718,{"data":{"exist":true, "has_password":true}, "message":""}
Successful User Exist API Response,200,149.857,{"data":{"exist":true, "has_password":true}, "message":""}
Successful User Exist API Response,200,156.393,{"data":{"exist":true, "has_password":true}, "message":""}
Successful User Exist API Response,200,159.488,{"data":{"exist":true, "has_password":true}, "message":""}
Successful User Exist API Response,200,160.688,{"data":{"exist":true, "has_password":true}, "message":""}
Successful User Exist API Response,200,142.757,{"data":{"exist":true, "has_password":true}, "message":""}
Successful User Exist API Response,200,182.991,{"data":{"exist":true, "has_password":true}, "message":""}
Successful User Exist API Response,200,224.263,{"data":{"exist":true, "has_password":true}, "message":""}
Successful User Exist API Response,200,223.081,{"data":{"exist":true, "has_password":true}, "message":""}
Successful User Exist API Response,200,244.839,{"data":{"exist":true, "has_password":true}, "message":""}
Successful User Exist API Response,200,109.707,{"data":{"exist":true, "has_password":true}, "message":""}
Successful User Exist API Response,200,116.633,{"data":{"exist":true, "has_password":true}, "message":""}
Successful User Exist API Response,200,118.357,{"data":{"exist":true, "has_password":true}, "message":""}
Successful User Exist API Response,200,140.626,{"data":{"exist":true, "has_password":true}, "message":""}
Successful User Exist API Response,200,159.039,{"data":{"exist":true, "has_password":true}, "message":""}
Successful User Exist API Response,200,126.196,{"data":{"exist":true, "has_password":true}, "message":""}
Successful User Exist API Response,200,115.904,{"data":{"exist":true, "has_password":true}, "message":""}
Successful User Exist API Response,200,122.656,{"data":{"exist":true, "has_password":true}, "message":""}
Successful User Exist API Response,200,131.365,{"data":{"exist":true, "has_password":true}, "message":""}
Successful User Exist API Response,200,111.288,{"data":{"exist":true, "has_password":true}, "message":""}
Successful User Exist API Response,200,110.885,{"data":{"exist":true, "has_password":true}, "message":""}
Successful User Exist API Response,200,111.678,{"data":{"exist":true, "has_password":true}, "message":""}
Successful User Exist API Response,200,124.283,{"data":{"exist":true, "has_password":true}, "message":""}
Successful User Exist API Response,200,108.853,{"data":{"exist":true, "has_password":true}, "message":""}
Successful User Exist API Response,200,152.446,{"data":{"exist":true, "has_password":true}, "message":""}
Successful User Exist API Response,200,114.312,{"data":{"exist":true, "has_password":true}, "message":""}
Successful User Exist API Response,200,128.081,{"data":{"exist":true, "has_password":true}, "message":""}
Successful User Exist API Response,200,120.632,{"data":{"exist":true, "has_password":true}, "message":""}
Successful User Exist API Response,200,141.862,{"data":{"exist":true, "has_password":true}, "message":""}
Successful User Exist API Response,200,102.234,{"data":{"exist":true, "has_password":true}, "message":""}
Successful User Exist API Response,200,108.544,{"data":{"exist":true, "has_password":true}, "message":""}
Successful User Exist API Response,200,107.763,{"data":{"exist":true, "has_password":true}, "message":""}
Successful User Exist API Response,200,115.231,{"data":{"exist":true, "has_password":true}, "message":""}
Successful User Exist API Response,200,106.802,{"data":{"exist":true, "has_password":true}, "message":""}
Successful User Exist API Response,200,111.059,{"data":{"exist":true, "has_password":true}, "message":""}
Successful User Exist API Response,200,110.515,{"data":{"exist":true, "has_password":true}, "message":""}
Successful User Exist API Response,200,107.649,{"data":{"exist":true, "has_password":true}, "message":""}
Successful User Exist API Response,200,134.536,{"data":{"exist":true, "has_password":true}, "message":""}
Successful User Exist API Response,200,104.235,{"data":{"exist":true, "has_password":true}, "message":""}
Successful User Exist API Response,200,111.529,{"data":{"exist":true, "has_password":true}, "message":""}
Successful User Exist API Response,200,126.908,{"data":{"exist":true, "has_password":true}, "message":""}
Successful User Exist API Response,200,155.417,{"data":{"exist":true, "has_password":true}, "message":""}
Successful User Exist API Response,200,183.765,{"data":{"exist":true, "has_password":true}, "message":""}
Successful User Exist API Response,200,173.759,{"data":{"exist":true, "has_password":true}, "message":""}
Successful User Exist API Response,200,152.633,{"data":{"exist":true, "has_password":true}, "message":""}
Successful User Exist API Response,200,138.281,{"data":{"exist":true, "has_password":true}, "message":""}
Successful User Exist API Response,200,189.734,{"data":{"exist":true, "has_password":true}, "message":""}
Successful User Exist API Response,200,196.048,{"data":{"exist":true, "has_password":true}, "message":""}
Successful User Exist API Response,200,148.769,{"data":{"exist":true, "has_password":true}, "message":""}
Successful User Exist API Response,200,159.876,{"data":{"exist":true, "has_password":true}, "message":""}
Successful User Exist API Response,200,108.579,{"data":{"exist":true, "has_password":true}, "message":""}
Successful User Exist API Response,200,116.519,{"data":{"exist":true, "has_password":true}, "message":""}
Successful User Exist API Response,200,102.93,{"data":{"exist":true, "has_password":true}, "message":""}
Successful User Exist API Response,200,107.309,{"data":{"exist":true, "has_password":true}, "message":""}
Successful User Exist API Response,200,127.011,{"data":{"exist":true, "has_password":true}, "message":""}
Successful User Exist API Response,200,115.406,{"data":{"exist":true, "has_password":true}, "message":""}
Successful User Exist API Response,200,132.1,{"data":{"exist":true, "has_password":true}, "message":""}
Successful User Exist API Response,200,105.337,{"data":{"exist":true, "has_password":true}, "message":""}
Successful User Exist API Response,200,125.452,{"data":{"exist":true, "has_password":true}, "message":""}
Successful User Exist API Response,200,158.785,{"data":{"exist":true, "has_password":true}, "message":""}
Successful User Exist API Response,200,113.289,{"data":{"exist":true, "has_password":true}, "message":""}
Successful User Exist API Response,200,103.682,{"data":{"exist":true, "has_password":true}, "message":""}
Successful User Exist API Response,200,110.28,{"data":{"exist":true, "has_password":true}, "message":""}
Successful User Exist API Response,200,129.35,{"data":{"exist":true, "has_password":true}, "message":""}
Successful User Exist API Response,200,109.709,{"data":{"exist":true, "has_password":true}, "message":""}
Successful User Exist API Response,200,139.503,{"data":{"exist":true, "has_password":true}, "message":""}
Successful User Exist API Response,200,161.269,{"data":{"exist":true, "has_password":true}, "message":""}
Successful User Exist API Response,200,124.376,{"data":{"exist":true, "has_password":true}, "message":""}
Successful User Exist API Response,200,134.222,{"data":{"exist":true, "has_password":true}, "message":""}
Successful User Exist API Response,200,119.475,{"data":{"exist":true, "has_password":true}, "message":""}
Successful User Exist API Response,200,105.004,{"data":{"exist":true, "has_password":true}, "message":""}
Successful User Exist API Response,200,105.743,{"data":{"exist":true, "has_password":true}, "message":""}
Successful User Exist API Response,200,109.063,{"data":{"exist":true, "has_password":true}, "message":""}
Successful User Exist API Response,200,113.309,{"data":{"exist":true, "has_password":true}, "message":""}
Successful User Exist API Response,200,115.709,{"data":{"exist":true, "has_password":true}, "message":""}
Successful User Exist API Response,200,102.859,{"data":{"exist":true, "has_password":true}, "message":""}
Successful User Exist API Response,200,105.082,{"data":{"exist":true, "has_password":true}, "message":""}
Successful User Exist API Response,200,133.172,{"data":{"exist":true, "has_password":true}, "message":""}
Successful User Exist API Response,200,110.521,{"data":{"exist":true, "has_password":true}, "message":""}
Successful User Exist API Response,200,123.553,{"data":{"exist":true, "has_password":true}, "message":""}
Successful User Exist API Response,200,115.886,{"data":{"exist":true, "has_password":true}, "message":""}
Successful User Exist API Response,200,115.991,{"data":{"exist":true, "has_password":true}, "message":""}
Successful User Exist API Response,200,108.181,{"data":{"exist":true, "has_password":true}, "message":""}
Successful User Exist API Response,200,140.743,{"data":{"exist":true, "has_password":true}, "message":""}
Successful User Exist API Response,200,108.211,{"data":{"exist":true, "has_password":true}, "message":""}
Successful User Exist API Response,200,134.23,{"data":{"exist":true, "has_password":true}, "message":""}
Successful User Exist API Response,200,111.478,{"data":{"exist":true, "has_password":true}, "message":""}
Successful User Exist API Response,200,128.118,{"data":{"exist":true, "has_password":true}, "message":""}
Successful User Exist API Response,200,113.954,{"data":{"exist":true, "has_password":true}, "message":""}
Successful User Exist API Response,200,113.745,{"data":{"exist":true, "has_password":true}, "message":""}
Successful User Exist API Response,200,112.535,{"data":{"exist":true, "has_password":true}, "message":""}
Successful User Exist API Response,200,105.161,{"data":{"exist":true, "has_password":true}, "message":""}
Successful User Exist API Response,200,118.325,{"data":{"exist":true, "has_password":true}, "message":""}
Successful User Exist API Response,200,114.476,{"data":{"exist":true, "has_password":true}, "message":""}
Successful User Exist API Response,200,121.437,{"data":{"exist":true, "has_password":true}, "message":""}
Successful User Exist API Response,200,109.74,{"data":{"exist":true, "has_password":true}, "message":""}
Successful User Exist API Response,200,122.699,{"data":{"exist":true, "has_password":true}, "message":""}
Successful User Exist API Response,200,106.702,{"data":{"exist":true, "has_password":true}, "message":""}
Successful User Exist API Response,200,132.004,{"data":{"exist":true, "has_password":true}, "message":""}
Successful User Exist API Response,200,155.848,{"data":{"exist":true, "has_password":true}, "message":""}
Successful User Exist API Response,200,114.005,{"data":{"exist":true, "has_password":true}, "message":""}
Successful User Exist API Response,200,120.734,{"data":{"exist":true, "has_password":true}, "message":""}
Successful User Exist API Response,200,131.163,{"data":{"exist":true, "has_password":true}, "message":""}
Successful User Exist API Response,200,113.411,{"data":{"exist":true, "has_password":true}, "message":""}
Successful User Exist API Response,200,136.353,{"data":{"exist":true, "has_password":true}, "message":""}
Successful User Exist API Response,200,148.714,{"data":{"exist":true, "has_password":true}, "message":""}
Successful User Exist API Response,200,120.703,{"data":{"exist":true, "has_password":true}, "message":""}
Successful User Exist API Response,200,106.705,{"data":{"exist":true, "has_password":true}, "message":""}
Successful User Exist API Response,200,108.801,{"data":{"exist":true, "has_password":true}, "message":""}
Successful User Exist API Response,200,149.613,{"data":{"exist":true, "has_password":true}, "message":""}
Successful User Exist API Response,200,102.153,{"data":{"exist":true, "has_password":true}, "message":""}
Successful User Exist API Response,200,104.857,{"data":{"exist":true, "has_password":true}, "message":""}
Successful User Exist API Response,200,110.929,{"data":{"exist":true, "has_password":true}, "message":""}
Successful User Exist API Response,200,102.935,{"data":{"exist":true, "has_password":true}, "message":""}
Successful User Exist API Response,200,104.494,{"data":{"exist":true, "has_password":true}, "message":""}
Successful User Exist API Response,200,129.887,{"data":{"exist":true, "has_password":true}, "message":""}
Successful User Exist API Response,200,133.245,{"data":{"exist":true, "has_password":true}, "message":""}
Successful User Exist API Response,200,107.615,{"data":{"exist":true, "has_password":true}, "message":""}
Successful User Exist API Response,200,111.643,{"data":{"exist":true, "has_password":true}, "message":""}
Successful User Exist API Response,200,133.797,{"data":{"exist":true, "has_password":true}, "message":""}
Successful User Exist API Response,200,118.245,{"data":{"exist":true, "has_password":true}, "message":""}
Successful User Exist API Response,200,108.733,{"data":{"exist":true, "has_password":true}, "message":""}
Successful User Exist API Response,200,124.53,{"data":{"exist":true, "has_password":true}, "message":""}
Successful User Exist API Response,200,113.873,{"data":{"exist":true, "has_password":true}, "message":""}
Successful User Exist API Response,200,153.779,{"data":{"exist":true, "has_password":true}, "message":""}
Successful User Exist API Response,200,147.644,{"data":{"exist":true, "has_password":true}, "message":""}
Successful User Exist API Response,200,109.35,{"data":{"exist":true, "has_password":true}, "message":""}
Successful User Exist API Response,200,117.702,{"data":{"exist":true, "has_password":true}, "message":""}
Successful User Exist API Response,200,177.696,{"data":{"exist":true, "has_password":true}, "message":""}
Successful User Exist API Response,200,160.994,{"data":{"exist":true, "has_password":true}, "message":""}
Successful User Exist API Response,200,111.013,{"data":{"exist":true, "has_password":true}, "message":""}
Successful User Exist API Response,200,105.214,{"data":{"exist":true, "has_password":true}, "message":""}
Successful User Exist API Response,200,126.286,{"data":{"exist":true, "has_password":true}, "message":""}
Successful User Exist API Response,200,130.484,{"data":{"exist":true, "has_password":true}, "message":""}
Successful User Exist API Response,200,105.888,{"data":{"exist":true, "has_password":true}, "message":""}
Successful User Exist API Response,200,146.164,{"data":{"exist":true, "has_password":true}, "message":""}
Successful User Exist API Response,200,185.218,{"data":{"exist":true, "has_password":true}, "message":""}
Successful User Exist API Response,200,140.363,{"data":{"exist":true, "has_password":true}, "message":""}
Successful User Exist API Response,200,146.659,{"data":{"exist":true, "has_password":true}, "message":""}
Successful User Exist API Response,200,162.253,{"data":{"exist":true, "has_password":true}, "message":""}
Successful User Exist API Response,200,103.999,{"data":{"exist":true, "has_password":true}, "message":""}
Successful User Exist API Response,200,112.951,{"data":{"exist":true, "has_password":true}, "message":""}
Successful User Exist API Response,200,106.476,{"data":{"exist":true, "has_password":true}, "message":""}
Successful User Exist API Response,200,110.53,{"data":{"exist":true, "has_password":true}, "message":""}
Successful User Exist API Response,200,105.793,{"data":{"exist":true, "has_password":true}, "message":""}
Successful User Exist API Response,200,113.348,{"data":{"exist":true, "has_password":true}, "message":""}
Successful User Exist API Response,200,106.473,{"data":{"exist":true, "has_password":true}, "message":""}
Successful User Exist API Response,200,120.091,{"data":{"exist":true, "has_password":true}, "message":""}
Successful User Exist API Response,200,131.47,{"data":{"exist":true, "has_password":true}, "message":""}
Successful User Exist API Response,200,127.576,{"data":{"exist":true, "has_password":true}, "message":""}
Successful User Exist API Response,200,106.401,{"data":{"exist":true, "has_password":true}, "message":""}
Successful User Exist API Response,200,108.711,{"data":{"exist":true, "has_password":true}, "message":""}
Successful User Exist API Response,200,107.333,{"data":{"exist":true, "has_password":true}, "message":""}
Successful User Exist API Response,200,103.697,{"data":{"exist":true, "has_password":true}, "message":""}
Successful User Exist API Response,200,122.185,{"data":{"exist":true, "has_password":true}, "message":""}
Successful User Exist API Response,200,101.502,{"data":{"exist":true, "has_password":true}, "message":""}
Successful User Exist API Response,200,128.284,{"data":{"exist":true, "has_password":true}, "message":""}
Successful User Exist API Response,200,115.241,{"data":{"exist":true, "has_password":true}, "message":""}
Successful User Exist API Response,200,108.06,{"data":{"exist":true, "has_password":true}, "message":""}
Successful User Exist API Response,200,118.744,{"data":{"exist":true, "has_password":true}, "message":""}
Successful User Exist API Response,200,125.317,{"data":{"exist":true, "has_password":true}, "message":""}
Successful User Exist API Response,200,149.37,{"data":{"exist":true, "has_password":true}, "message":""}
Successful User Exist API Response,200,160.069,{"data":{"exist":true, "has_password":true}, "message":""}
Successful User Exist API Response,200,195.063,{"data":{"exist":true, "has_password":true}, "message":""}
Successful User Exist API Response,200,141.661,{"data":{"exist":true, "has_password":true}, "message":""}
Successful User Exist API Response,200,214.364,{"data":{"exist":true, "has_password":true}, "message":""}
Successful User Exist API Response,200,225.063,{"data":{"exist":true, "has_password":true}, "message":""}
Successful User Exist API Response,200,215.655,{"data":{"exist":true, "has_password":true}, "message":""}
Successful User Exist API Response,200,316.159,{"data":{"exist":true, "has_password":true}, "message":""}
Successful User Exist API Response,200,116.593,{"data":{"exist":true, "has_password":true}, "message":""}
Successful User Exist API Response,200,115.202,{"data":{"exist":true, "has_password":true}, "message":""}
Successful User Exist API Response,200,152.371,{"data":{"exist":true, "has_password":true}, "message":""}
Successful User Exist API Response,200,165.028,{"data":{"exist":true, "has_password":true}, "message":""}
Successful User Exist API Response,200,166.84,{"data":{"exist":true, "has_password":true}, "message":""}
Successful User Exist API Response,200,217.069,{"data":{"exist":true, "has_password":true}, "message":""}
Successful User Exist API Response,200,214.951,{"data":{"exist":true, "has_password":true}, "message":""}
Successful User Exist API Response,200,137.411,{"data":{"exist":true, "has_password":true}, "message":""}
Successful User Exist API Response,200,271.689,{"data":{"exist":true, "has_password":true}, "message":""}
Successful User Exist API Response,200,378.746,{"data":{"exist":true, "has_password":true}, "message":""}
Successful User Exist API Response,200,141.374,{"data":{"exist":true, "has_password":true}, "message":""}
Successful User Exist API Response,200,134.977,{"data":{"exist":true, "has_password":true}, "message":""}
Successful User Exist API Response,200,117.069,{"data":{"exist":true, "has_password":true}, "message":""}
Successful User Exist API Response,200,107.742,{"data":{"exist":true, "has_password":true}, "message":""}
Successful User Exist API Response,200,200.502,{"data":{"exist":true, "has_password":true}, "message":""}
Successful User Exist API Response,200,134.175,{"data":{"exist":true, "has_password":true}, "message":""}
Successful User Exist API Response,200,146.486,{"data":{"exist":true, "has_password":true}, "message":""}
Successful User Exist API Response,200,150.773,{"data":{"exist":true, "has_password":true}, "message":""}
Successful User Exist API Response,200,212.553,{"data":{"exist":true, "has_password":true}, "message":""}
Successful User Exist API Response,200,713.57,{"data":{"exist":true, "has_password":true}, "message":""}
Successful User Exist API Response,200,103.85,{"data":{"exist":true, "has_password":true}, "message":""}
Successful User Exist API Response,200,109.025,{"data":{"exist":true, "has_password":true}, "message":""}
Successful User Exist API Response,200,106.964,{"data":{"exist":true, "has_password":true}, "message":""}
Successful User Exist API Response,200,153.948,{"data":{"exist":true, "has_password":true}, "message":""}
Successful User Exist API Response,200,104.856,{"data":{"exist":true, "has_password":true}, "message":""}
Successful User Exist API Response,200,108.642,{"data":{"exist":true, "has_password":true}, "message":""}
Successful User Exist API Response,200,111.458,{"data":{"exist":true, "has_password":true}, "message":""}
Successful User Exist API Response,200,180.288,{"data":{"exist":true, "has_password":true}, "message":""}
Successful User Exist API Response,200,284.535,{"data":{"exist":true, "has_password":true}, "message":""}
Successful User Exist API Response,200,104.63,{"data":{"exist":true, "has_password":true}, "message":""}
Successful User Exist API Response,200,116.734,{"data":{"exist":true, "has_password":true}, "message":""}
Successful User Exist API Response,200,133.874,{"data":{"exist":true, "has_password":true}, "message":""}
Successful User Exist API Response,200,114.622,{"data":{"exist":true, "has_password":true}, "message":""}
Successful User Exist API Response,200,123.539,{"data":{"exist":true, "has_password":true}, "message":""}
Successful User Exist API Response,200,136.526,{"data":{"exist":true, "has_password":true}, "message":""}
Successful User Exist API Response,200,138.581,{"data":{"exist":true, "has_password":true}, "message":""}
Successful User Exist API Response,200,286.146,{"data":{"exist":true, "has_password":true}, "message":""}
Successful User Exist API Response,200,118.321,{"data":{"exist":true, "has_password":true}, "message":""}
Successful User Exist API Response,200,218.705,{"data":{"exist":true, "has_password":true}, "message":""}
Successful User Exist API Response,200,122.474,{"data":{"exist":true, "has_password":true}, "message":""}
Successful User Exist API Response,200,103.252,{"data":{"exist":true, "has_password":true}, "message":""}
Successful User Exist API Response,200,108.229,{"data":{"exist":true, "has_password":true}, "message":""}
Successful User Exist API Response,200,107.937,{"data":{"exist":true, "has_password":true}, "message":""}
Successful User Exist API Response,200,105.533,{"data":{"exist":true, "has_password":true}, "message":""}
Successful User Exist API Response,200,108.999,{"data":{"exist":true, "has_password":true}, "message":""}
Successful User Exist API Response,200,136.041,{"data":{"exist":true, "has_password":true}, "message":""}
Successful User Exist API Response,200,125.884,{"data":{"exist":true, "has_password":true}, "message":""}
Successful User Exist API Response,200,152.602,{"data":{"exist":true, "has_password":true}, "message":""}
Successful User Exist API Response,200,100.671,{"data":{"exist":true, "has_password":true}, "message":""}
Successful User Exist API Response,200,115.057,{"data":{"exist":true, "has_password":true}, "message":""}
Successful User Exist API Response,200,113.357,{"data":{"exist":true, "has_password":true}, "message":""}
Successful User Exist API Response,200,289.95,{"data":{"exist":true, "has_password":true}, "message":""}
Successful User Exist API Response,200,129.154,{"data":{"exist":true, "has_password":true}, "message":""}
Successful User Exist API Response,200,114.737,{"data":{"exist":true, "has_password":true}, "message":""}
Successful User Exist API Response,200,114.784,{"data":{"exist":true, "has_password":true}, "message":""}
Successful User Exist API Response,200,153.047,{"data":{"exist":true, "has_password":true}, "message":""}
Successful User Exist API Response,200,135.262,{"data":{"exist":true, "has_password":true}, "message":""}
Successful User Exist API Response,200,215.785,{"data":{"exist":true, "has_password":true}, "message":""}
Successful User Exist API Response,200,102.432,{"data":{"exist":true, "has_password":true}, "message":""}
Successful User Exist API Response,200,111.924,{"data":{"exist":true, "has_password":true}, "message":""}
Successful User Exist API Response,200,133.985,{"data":{"exist":true, "has_password":true}, "message":""}
Successful User Exist API Response,200,113.526,{"data":{"exist":true, "has_password":true}, "message":""}
Successful User Exist API Response,200,109.203,{"data":{"exist":true, "has_password":true}, "message":""}
Successful User Exist API Response,200,152.067,{"data":{"exist":true, "has_password":true}, "message":""}
Successful User Exist API Response,200,317.794,{"data":{"exist":true, "has_password":true}, "message":""}
Successful User Exist API Response,200,213.994,{"data":{"exist":true, "has_password":true}, "message":""}
Successful User Exist API Response,200,273.341,{"data":{"exist":true, "has_password":true}, "message":""}
Successful User Exist API Response,200,97.352,{"data":{"exist":true, "has_password":true}, "message":""}
Successful User Exist API Response,200,683.457,{"data":{"exist":true, "has_password":true}, "message":""}
Successful User Exist API Response,200,105.922,{"data":{"exist":true, "has_password":true}, "message":""}
Successful User Exist API Response,200,107.898,{"data":{"exist":true, "has_password":true}, "message":""}
Successful User Exist API Response,200,113.931,{"data":{"exist":true, "has_password":true}, "message":""}
Successful User Exist API Response,200,105.423,{"data":{"exist":true, "has_password":true}, "message":""}
Successful User Exist API Response,200,107.451,{"data":{"exist":true, "has_password":true}, "message":""}
Successful User Exist API Response,200,111.174,{"data":{"exist":true, "has_password":true}, "message":""}
Successful User Exist API Response,200,107.209,{"data":{"exist":true, "has_password":true}, "message":""}
Successful User Exist API Response,200,151.052,{"data":{"exist":true, "has_password":true}, "message":""}
Successful User Exist API Response,200,100.85,{"data":{"exist":true, "has_password":true}, "message":""}
Successful User Exist API Response,200,114.732,{"data":{"exist":true, "has_password":true}, "message":""}
Successful User Exist API Response,200,112.461,{"data":{"exist":true, "has_password":true}, "message":""}
Successful User Exist API Response,200,112.435,{"data":{"exist":true, "has_password":true}, "message":""}
