Successful User Exist API Response,200,107.385,{"data":{"exist":true, "has_password":true}, "message":""}
Successful User Exist API Response,200,113.636,{"data":{"exist":true, "has_password":true}, "message":""}
Successful User Exist API Response,200,121.342,{"data":{"exist":true, "has_password":true}, "message":""}
Successful User Exist API Response,200,126.073,{"data":{"exist":true, "has_password":true}, "message":""}
Successful User Exist API Response,200,168.846,{"data":{"exist":true, "has_password":true}, "message":""}
Successful User Exist API Response,200,197.246,{"data":{"exist":true, "has_password":true}, "message":""}
Successful User Exist API Response,200,198.383,{"data":{"exist":true, "has_password":true}, "message":""}
Successful User Exist API Response,200,192.219,{"data":{"exist":true, "has_password":true}, "message":""}
Successful User Exist API Response,200,222.865,{"data":{"exist":true, "has_password":true}, "message":""}
Successful User Exist API Response,200,224.901,{"data":{"exist":true, "has_password":true}, "message":""}
Successful User Exist API Response,200,106.663,{"data":{"exist":true, "has_password":true}, "message":""}
