Success Conversation API Response,201,142.532,650027911893a8dc72fec227,5484,eyJhbGciOiJIUzI1NiIsInR5cCI6IkpXVCJ9.eyJpZCI6IjY1MDAyNzkxMTg5M2E4ZGM3MmZlYzIyNyIsImlzX2FkbWluIjpmYWxzZSwiY29udGFjdCI6IiIsImVtYWlsIjoibWFydGluX2t1YkB5YWhvby5jb20iLCJsb2dpbl90eXBlIjoiZW1haWwiLCJsb2dpbl9zb3VyY2UiOiIxMG1pbnNjaG9vbCIsImxvZ2luX3RhcmdldCI6IiIsImxvZ2luX2FzIjowLCJuYW1lIjoiVWxpY2VzIiwiaXNfYWN0aXZlIjpmYWxzZSwidmVyaWZpZWQiOnRydWUsImRldmljZV9pZCI6IjY1MWJiMTYzNTI5ZmE2MDE5N2M4YWEzYiIsImRldmljZSI6eyJkZXZpY2VfaWQiOiI2NTFiYjE2MzUyOWZhNjAxOTdjOGFhM2IiLCJkZXZpY2VfbmFtZSI6ImlzaGFraHR0cCAiLCJkZXZpY2VfdHlwZSI6ImJyb3dzZXIiLCJkZXZpY2Vfb3MiOiIiLCJvcmlnaW4iOiJ1bmtub3duIiwiaXBfYWRkcmVzcyI6IjE3NS40MS40NC4xMzEifSwidXNlcl9zdGF0dXMiOiIiLCJkYXRlX2pvaW5lZCI6IjIwMjMtMDktMTJUMDg6NTU6NDUuOTg3WiIsInRva2VuX3R5cGUiOiJhY2Nlc3MiLCJleHAiOjE2OTYzNDI0OTl9.hV5Nj0hQKutIJWuR4IImYhhVSy1fpWhLK7FcAnLM4Kc
Success Conversation API Response,201,109.842,650027921893a8dc72fec22a,5485,eyJhbGciOiJIUzI1NiIsInR5cCI6IkpXVCJ9.eyJpZCI6IjY1MDAyNzkyMTg5M2E4ZGM3MmZlYzIyYSIsImlzX2FkbWluIjpmYWxzZSwiY29udGFjdCI6IiIsImVtYWlsIjoiYW1peWE2N0BnbWFpbC5jb20iLCJsb2dpbl90eXBlIjoiZW1haWwiLCJsb2dpbl9zb3VyY2UiOiIxMG1pbnNjaG9vbCIsImxvZ2luX3RhcmdldCI6IiIsImxvZ2luX2FzIjowLCJuYW1lIjoiQWlzaGEiLCJpc19hY3RpdmUiOmZhbHNlLCJ2ZXJpZmllZCI6dHJ1ZSwiZGV2aWNlX2lkIjoiNjUxYmIxNjM1MjlmYTYwMTk3YzhhYTNkIiwiZGV2aWNlIjp7ImRldmljZV9pZCI6IjY1MWJiMTYzNTI5ZmE2MDE5N2M4YWEzZCIsImRldmljZV9uYW1lIjoiaXNoYWtodHRwICIsImRldmljZV90eXBlIjoiYnJvd3NlciIsImRldmljZV9vcyI6IiIsIm9yaWdpbiI6InVua25vd24iLCJpcF9hZGRyZXNzIjoiMTc1LjQxLjQ0LjEzMSJ9LCJ1c2VyX3N0YXR1cyI6IiIsImRhdGVfam9pbmVkIjoiMjAyMy0wOS0xMlQwODo1NTo0Ni4wNThaIiwidG9rZW5fdHlwZSI6ImFjY2VzcyIsImV4cCI6MTY5NjM0MjQ5OX0.1Of9XSb5cjIPL7gtFxsUcIa9cojjMVgnvdiB0xkqlUE
Success Conversation API Response,201,103.783,650027921893a8dc72fec22d,5486,eyJhbGciOiJIUzI1NiIsInR5cCI6IkpXVCJ9.eyJpZCI6IjY1MDAyNzkyMTg5M2E4ZGM3MmZlYzIyZCIsImlzX2FkbWluIjpmYWxzZSwiY29udGFjdCI6IiIsImVtYWlsIjoicGFzcXVhbGU0MEBob3RtYWlsLmNvbSIsImxvZ2luX3R5cGUiOiJlbWFpbCIsImxvZ2luX3NvdXJjZSI6IjEwbWluc2Nob29sIiwibG9naW5fdGFyZ2V0IjoiIiwibG9naW5fYXMiOjAsIm5hbWUiOiJIdWRzb24iLCJpc19hY3RpdmUiOmZhbHNlLCJ2ZXJpZmllZCI6dHJ1ZSwiZGV2aWNlX2lkIjoiNjUxYmIxNjM1MjlmYTYwMTk3YzhhYTNmIiwiZGV2aWNlIjp7ImRldmljZV9pZCI6IjY1MWJiMTYzNTI5ZmE2MDE5N2M4YWEzZiIsImRldmljZV9uYW1lIjoiaXNoYWtodHRwICIsImRldmljZV90eXBlIjoiYnJvd3NlciIsImRldmljZV9vcyI6IiIsIm9yaWdpbiI6InVua25vd24iLCJpcF9hZGRyZXNzIjoiMTc1LjQxLjQ0LjEzMSJ9LCJ1c2VyX3N0YXR1cyI6IiIsImRhdGVfam9pbmVkIjoiMjAyMy0wOS0xMlQwODo1NTo0Ni4xNzlaIiwidG9rZW5fdHlwZSI6ImFjY2VzcyIsImV4cCI6MTY5NjM0MjQ5OX0.hInqUbtjJtBjlVL5z9hLBKx-Wv_qjMgfXwsALhYjj9Q
Success Conversation API Response,201,106.865,650027921893a8dc72fec230,5487,eyJhbGciOiJIUzI1NiIsInR5cCI6IkpXVCJ9.eyJpZCI6IjY1MDAyNzkyMTg5M2E4ZGM3MmZlYzIzMCIsImlzX2FkbWluIjpmYWxzZSwiY29udGFjdCI6IiIsImVtYWlsIjoiZWRlbl9naWJzb244OUBnbWFpbC5jb20iLCJsb2dpbl90eXBlIjoiZW1haWwiLCJsb2dpbl9zb3VyY2UiOiIxMG1pbnNjaG9vbCIsImxvZ2luX3RhcmdldCI6IiIsImxvZ2luX2FzIjowLCJuYW1lIjoiQW5uZXR0ZSIsImlzX2FjdGl2ZSI6ZmFsc2UsInZlcmlmaWVkIjp0cnVlLCJkZXZpY2VfaWQiOiI2NTFiYjE2NDUyOWZhNjAxOTdjOGFhNDEiLCJkZXZpY2UiOnsiZGV2aWNlX2lkIjoiNjUxYmIxNjQ1MjlmYTYwMTk3YzhhYTQxIiwiZGV2aWNlX25hbWUiOiJpc2hha2h0dHAgIiwiZGV2aWNlX3R5cGUiOiJicm93c2VyIiwiZGV2aWNlX29zIjoiIiwib3JpZ2luIjoidW5rbm93biIsImlwX2FkZHJlc3MiOiIxNzUuNDEuNDQuMTMxIn0sInVzZXJfc3RhdHVzIjoiIiwiZGF0ZV9qb2luZWQiOiIyMDIzLTA5LTEyVDA4OjU1OjQ2LjI2OFoiLCJ0b2tlbl90eXBlIjoiYWNjZXNzIiwiZXhwIjoxNjk2MzQyNTAwfQ.K045XzAyDEs2t73NpLQtf5S20C7tIJoiqoMDxu2baMk
Success Conversation API Response,201,157.322,650027921893a8dc72fec233,5488,eyJhbGciOiJIUzI1NiIsInR5cCI6IkpXVCJ9.eyJpZCI6IjY1MDAyNzkyMTg5M2E4ZGM3MmZlYzIzMyIsImlzX2FkbWluIjpmYWxzZSwiY29udGFjdCI6IiIsImVtYWlsIjoiamFubmllX2dsb3Zlcjg0QGdtYWlsLmNvbSIsImxvZ2luX3R5cGUiOiJlbWFpbCIsImxvZ2luX3NvdXJjZSI6IjEwbWluc2Nob29sIiwibG9naW5fdGFyZ2V0IjoiIiwibG9naW5fYXMiOjAsIm5hbWUiOiJHcmV0YSIsImlzX2FjdGl2ZSI6ZmFsc2UsInZlcmlmaWVkIjp0cnVlLCJkZXZpY2VfaWQiOiI2NTFiYjE2NDUyOWZhNjAxOTdjOGFhNDMiLCJkZXZpY2UiOnsiZGV2aWNlX2lkIjoiNjUxYmIxNjQ1MjlmYTYwMTk3YzhhYTQzIiwiZGV2aWNlX25hbWUiOiJpc2hha2h0dHAgIiwiZGV2aWNlX3R5cGUiOiJicm93c2VyIiwiZGV2aWNlX29zIjoiIiwib3JpZ2luIjoidW5rbm93biIsImlwX2FkZHJlc3MiOiIxNzUuNDEuNDQuMTMxIn0sInVzZXJfc3RhdHVzIjoiIiwiZGF0ZV9qb2luZWQiOiIyMDIzLTA5LTEyVDA4OjU1OjQ2LjMyNVoiLCJ0b2tlbl90eXBlIjoiYWNjZXNzIiwiZXhwIjoxNjk2MzQyNTAwfQ.7rzieE77DNbZTWM9nxoDI2O2x_AE4ahrddjqNx4njMU
Success Conversation API Response,201,108.255,650027921893a8dc72fec236,5489,eyJhbGciOiJIUzI1NiIsInR5cCI6IkpXVCJ9.eyJpZCI6IjY1MDAyNzkyMTg5M2E4ZGM3MmZlYzIzNiIsImlzX2FkbWluIjpmYWxzZSwiY29udGFjdCI6IiIsImVtYWlsIjoiZ2VvZmZyZXk5QGhvdG1haWwuY29tIiwibG9naW5fdHlwZSI6ImVtYWlsIiwibG9naW5fc291cmNlIjoiMTBtaW5zY2hvb2wiLCJsb2dpbl90YXJnZXQiOiIiLCJsb2dpbl9hcyI6MCwibmFtZSI6IlVyYmFuIiwiaXNfYWN0aXZlIjpmYWxzZSwidmVyaWZpZWQiOnRydWUsImRldmljZV9pZCI6IjY1MWJiMTY0NTI5ZmE2MDE5N2M4YWE0NSIsImRldmljZSI6eyJkZXZpY2VfaWQiOiI2NTFiYjE2NDUyOWZhNjAxOTdjOGFhNDUiLCJkZXZpY2VfbmFtZSI6ImlzaGFraHR0cCAiLCJkZXZpY2VfdHlwZSI6ImJyb3dzZXIiLCJkZXZpY2Vfb3MiOiIiLCJvcmlnaW4iOiJ1bmtub3duIiwiaXBfYWRkcmVzcyI6IjE3NS40MS40NC4xMzEifSwidXNlcl9zdGF0dXMiOiIiLCJkYXRlX2pvaW5lZCI6IjIwMjMtMDktMTJUMDg6NTU6NDYuNTI2WiIsInRva2VuX3R5cGUiOiJhY2Nlc3MiLCJleHAiOjE2OTYzNDI1MDB9.WVsGCJqswBZ7MpsbQQS3sNQtzv6MA_fTSTtDEIGpxcE
Success Conversation API Response,201,110.823,650027921893a8dc72fec238,5490,eyJhbGciOiJIUzI1NiIsInR5cCI6IkpXVCJ9.eyJpZCI6IjY1MDAyNzkyMTg5M2E4ZGM3MmZlYzIzOCIsImlzX2FkbWluIjpmYWxzZSwiY29udGFjdCI6IiIsImVtYWlsIjoiaXZhOTdAeWFob28uY29tIiwibG9naW5fdHlwZSI6ImVtYWlsIiwibG9naW5fc291cmNlIjoiMTBtaW5zY2hvb2wiLCJsb2dpbl90YXJnZXQiOiIiLCJsb2dpbl9hcyI6MCwibmFtZSI6IkVtbWFudWVsbGUiLCJpc19hY3RpdmUiOmZhbHNlLCJ2ZXJpZmllZCI6dHJ1ZSwiZGV2aWNlX2lkIjoiNjUxYmIxNjU1MjlmYTYwMTk3YzhhYTQ3IiwiZGV2aWNlIjp7ImRldmljZV9pZCI6IjY1MWJiMTY1NTI5ZmE2MDE5N2M4YWE0NyIsImRldmljZV9uYW1lIjoiaXNoYWtodHRwICIsImRldmljZV90eXBlIjoiYnJvd3NlciIsImRldmljZV9vcyI6IiIsIm9yaWdpbiI6InVua25vd24iLCJpcF9hZGRyZXNzIjoiMTc1LjQxLjQ0LjEzMSJ9LCJ1c2VyX3N0YXR1cyI6IiIsImRhdGVfam9pbmVkIjoiMjAyMy0wOS0xMlQwODo1NTo0Ni41NTJaIiwidG9rZW5fdHlwZSI6ImFjY2VzcyIsImV4cCI6MTY5NjM0MjUwMX0.yEOxzP-gCwy-5oIo48jbIIjzJ2zKTAxPH73098OMViQ
Success Conversation API Response,201,112.407,650027921893a8dc72fec23b,5491,eyJhbGciOiJIUzI1NiIsInR5cCI6IkpXVCJ9.eyJpZCI6IjY1MDAyNzkyMTg5M2E4ZGM3MmZlYzIzYiIsImlzX2FkbWluIjpmYWxzZSwiY29udGFjdCI6IiIsImVtYWlsIjoibmlhX2h1ZHNvbjhAaG90bWFpbC5jb20iLCJsb2dpbl90eXBlIjoiZW1haWwiLCJsb2dpbl9zb3VyY2UiOiIxMG1pbnNjaG9vbCIsImxvZ2luX3RhcmdldCI6IiIsImxvZ2luX2FzIjowLCJuYW1lIjoiQ2FybWVsbGEiLCJpc19hY3RpdmUiOmZhbHNlLCJ2ZXJpZmllZCI6dHJ1ZSwiZGV2aWNlX2lkIjoiNjUxYmIxNjU1MjlmYTYwMTk3YzhhYTQ5IiwiZGV2aWNlIjp7ImRldmljZV9pZCI6IjY1MWJiMTY1NTI5ZmE2MDE5N2M4YWE0OSIsImRldmljZV9uYW1lIjoiaXNoYWtodHRwICIsImRldmljZV90eXBlIjoiYnJvd3NlciIsImRldmljZV9vcyI6IiIsIm9yaWdpbiI6InVua25vd24iLCJpcF9hZGRyZXNzIjoiMTc1LjQxLjQ0LjEzMSJ9LCJ1c2VyX3N0YXR1cyI6IiIsImRhdGVfam9pbmVkIjoiMjAyMy0wOS0xMlQwODo1NTo0Ni42MjdaIiwidG9rZW5fdHlwZSI6ImFjY2VzcyIsImV4cCI6MTY5NjM0MjUwMX0.kR-95kQ6u5auNseVA_a2Xug3KEw1lcouR1_pTJj3jvI
Success Conversation API Response,201,113.127,650027921893a8dc72fec23f,5492,eyJhbGciOiJIUzI1NiIsInR5cCI6IkpXVCJ9.eyJpZCI6IjY1MDAyNzkyMTg5M2E4ZGM3MmZlYzIzZiIsImlzX2FkbWluIjpmYWxzZSwiY29udGFjdCI6IiIsImVtYWlsIjoia2F0aGx5bl9yb2JlbDM4QGdtYWlsLmNvbSIsImxvZ2luX3R5cGUiOiJlbWFpbCIsImxvZ2luX3NvdXJjZSI6IjEwbWluc2Nob29sIiwibG9naW5fdGFyZ2V0IjoiIiwibG9naW5fYXMiOjAsIm5hbWUiOiJKdWRlIiwiaXNfYWN0aXZlIjpmYWxzZSwidmVyaWZpZWQiOnRydWUsImRldmljZV9pZCI6IjY1MWJiMTY1NTI5ZmE2MDE5N2M4YWE0YiIsImRldmljZSI6eyJkZXZpY2VfaWQiOiI2NTFiYjE2NTUyOWZhNjAxOTdjOGFhNGIiLCJkZXZpY2VfbmFtZSI6ImlzaGFraHR0cCAiLCJkZXZpY2VfdHlwZSI6ImJyb3dzZXIiLCJkZXZpY2Vfb3MiOiIiLCJvcmlnaW4iOiJ1bmtub3duIiwiaXBfYWRkcmVzcyI6IjE3NS40MS40NC4xMzEifSwidXNlcl9zdGF0dXMiOiIiLCJkYXRlX2pvaW5lZCI6IjIwMjMtMDktMTJUMDg6NTU6NDYuNjY0WiIsInRva2VuX3R5cGUiOiJhY2Nlc3MiLCJleHAiOjE2OTYzNDI1MDF9.Y5N36iaRVdD8TY7CQMKZHfkBBSsQVzyYdZMSAKCI86E
Success Conversation API Response,201,106.083,650027921893a8dc72fec242,5493,eyJhbGciOiJIUzI1NiIsInR5cCI6IkpXVCJ9.eyJpZCI6IjY1MDAyNzkyMTg5M2E4ZGM3MmZlYzI0MiIsImlzX2FkbWluIjpmYWxzZSwiY29udGFjdCI6IiIsImVtYWlsIjoiYmFyYmFyYTlAaG90bWFpbC5jb20iLCJsb2dpbl90eXBlIjoiZW1haWwiLCJsb2dpbl9zb3VyY2UiOiIxMG1pbnNjaG9vbCIsImxvZ2luX3RhcmdldCI6IiIsImxvZ2luX2FzIjowLCJuYW1lIjoiQ2hlbHNleSIsImlzX2FjdGl2ZSI6ZmFsc2UsInZlcmlmaWVkIjp0cnVlLCJkZXZpY2VfaWQiOiI2NTFiYjE2NTUyOWZhNjAxOTdjOGFhNGQiLCJkZXZpY2UiOnsiZGV2aWNlX2lkIjoiNjUxYmIxNjU1MjlmYTYwMTk3YzhhYTRkIiwiZGV2aWNlX25hbWUiOiJpc2hha2h0dHAgIiwiZGV2aWNlX3R5cGUiOiJicm93c2VyIiwiZGV2aWNlX29zIjoiIiwib3JpZ2luIjoidW5rbm93biIsImlwX2FkZHJlc3MiOiIxNzUuNDEuNDQuMTMxIn0sInVzZXJfc3RhdHVzIjoiIiwiZGF0ZV9qb2luZWQiOiIyMDIzLTA5LTEyVDA4OjU1OjQ2Ljc2N1oiLCJ0b2tlbl90eXBlIjoiYWNjZXNzIiwiZXhwIjoxNjk2MzQyNTAxfQ.kER3W1yYR2v8m6w0tRxPg2-vtkCt9pq9ln_ytPVjQec
Success Conversation API Response,201,111.681,650027921893a8dc72fec245,5494,eyJhbGciOiJIUzI1NiIsInR5cCI6IkpXVCJ9.eyJpZCI6IjY1MDAyNzkyMTg5M2E4ZGM3MmZlYzI0NSIsImlzX2FkbWluIjpmYWxzZSwiY29udGFjdCI6IiIsImVtYWlsIjoib3Nib3JuZTUyQGhvdG1haWwuY29tIiwibG9naW5fdHlwZSI6ImVtYWlsIiwibG9naW5fc291cmNlIjoiMTBtaW5zY2hvb2wiLCJsb2dpbl90YXJnZXQiOiIiLCJsb2dpbl9hcyI6MCwibmFtZSI6IkpvbmFzIiwiaXNfYWN0aXZlIjpmYWxzZSwidmVyaWZpZWQiOnRydWUsImRldmljZV9pZCI6IjY1MWJiMTY2NTI5ZmE2MDE5N2M4YWE0ZiIsImRldmljZSI6eyJkZXZpY2VfaWQiOiI2NTFiYjE2NjUyOWZhNjAxOTdjOGFhNGYiLCJkZXZpY2VfbmFtZSI6ImlzaGFraHR0cCAiLCJkZXZpY2VfdHlwZSI6ImJyb3dzZXIiLCJkZXZpY2Vfb3MiOiIiLCJvcmlnaW4iOiJ1bmtub3duIiwiaXBfYWRkcmVzcyI6IjE3NS40MS40NC4xMzEifSwidXNlcl9zdGF0dXMiOiIiLCJkYXRlX2pvaW5lZCI6IjIwMjMtMDktMTJUMDg6NTU6NDYuODI5WiIsInRva2VuX3R5cGUiOiJhY2Nlc3MiLCJleHAiOjE2OTYzNDI1MDJ9.6X8j3AJ7YIpZ37jWzb7fnS1zGmHvNYhDMbIgVVR37FY
Success Conversation API Response,201,101.437,650027921893a8dc72fec248,5495,eyJhbGciOiJIUzI1NiIsInR5cCI6IkpXVCJ9.eyJpZCI6IjY1MDAyNzkyMTg5M2E4ZGM3MmZlYzI0OCIsImlzX2FkbWluIjpmYWxzZSwiY29udGFjdCI6IiIsImVtYWlsIjoicmF1bF9rZWVibGVyOTZAaG90bWFpbC5jb20iLCJsb2dpbl90eXBlIjoiZW1haWwiLCJsb2dpbl9zb3VyY2UiOiIxMG1pbnNjaG9vbCIsImxvZ2luX3RhcmdldCI6IiIsImxvZ2luX2FzIjowLCJuYW1lIjoiS2V2aW4iLCJpc19hY3RpdmUiOmZhbHNlLCJ2ZXJpZmllZCI6dHJ1ZSwiZGV2aWNlX2lkIjoiNjUxYmIxNjY1MjlmYTYwMTk3YzhhYTUxIiwiZGV2aWNlIjp7ImRldmljZV9pZCI6IjY1MWJiMTY2NTI5ZmE2MDE5N2M4YWE1MSIsImRldmljZV9uYW1lIjoiaXNoYWtodHRwICIsImRldmljZV90eXBlIjoiYnJvd3NlciIsImRldmljZV9vcyI6IiIsIm9yaWdpbiI6InVua25vd24iLCJpcF9hZGRyZXNzIjoiMTc1LjQxLjQ0LjEzMSJ9LCJ1c2VyX3N0YXR1cyI6IiIsImRhdGVfam9pbmVkIjoiMjAyMy0wOS0xMlQwODo1NTo0Ni44NjdaIiwidG9rZW5fdHlwZSI6ImFjY2VzcyIsImV4cCI6MTY5NjM0MjUwMn0.vC6YwSM5QRWsvqQOkCGS1qXcEvnh4Nrdmvncawc1x2s
Success Conversation API Response,201,111.821,650027921893a8dc72fec246,5496,eyJhbGciOiJIUzI1NiIsInR5cCI6IkpXVCJ9.eyJpZCI6IjY1MDAyNzkyMTg5M2E4ZGM3MmZlYzI0NiIsImlzX2FkbWluIjpmYWxzZSwiY29udGFjdCI6IiIsImVtYWlsIjoicm9uYWxkbzk4QHlhaG9vLmNvbSIsImxvZ2luX3R5cGUiOiJlbWFpbCIsImxvZ2luX3NvdXJjZSI6IjEwbWluc2Nob29sIiwibG9naW5fdGFyZ2V0IjoiIiwibG9naW5fYXMiOjAsIm5hbWUiOiJBbGVrIiwiaXNfYWN0aXZlIjpmYWxzZSwidmVyaWZpZWQiOnRydWUsImRldmljZV9pZCI6IjY1MWJiMTY2NTI5ZmE2MDE5N2M4YWE1MyIsImRldmljZSI6eyJkZXZpY2VfaWQiOiI2NTFiYjE2NjUyOWZhNjAxOTdjOGFhNTMiLCJkZXZpY2VfbmFtZSI6ImlzaGFraHR0cCAiLCJkZXZpY2VfdHlwZSI6ImJyb3dzZXIiLCJkZXZpY2Vfb3MiOiIiLCJvcmlnaW4iOiJ1bmtub3duIiwiaXBfYWRkcmVzcyI6IjE3NS40MS40NC4xMzEifSwidXNlcl9zdGF0dXMiOiIiLCJkYXRlX2pvaW5lZCI6IjIwMjMtMDktMTJUMDg6NTU6NDYuODY3WiIsInRva2VuX3R5cGUiOiJhY2Nlc3MiLCJleHAiOjE2OTYzNDI1MDJ9.pMRncNzuP5mIcIWZS0uJR__AW-x5yyllFZcYGMfZfUk
Success Conversation API Response,201,108.298,650027931893a8dc72fec24e,5497,eyJhbGciOiJIUzI1NiIsInR5cCI6IkpXVCJ9.eyJpZCI6IjY1MDAyNzkzMTg5M2E4ZGM3MmZlYzI0ZSIsImlzX2FkbWluIjpmYWxzZSwiY29udGFjdCI6IiIsImVtYWlsIjoicm9kNTVAaG90bWFpbC5jb20iLCJsb2dpbl90eXBlIjoiZW1haWwiLCJsb2dpbl9zb3VyY2UiOiIxMG1pbnNjaG9vbCIsImxvZ2luX3RhcmdldCI6IiIsImxvZ2luX2FzIjowLCJuYW1lIjoiTWFyaWFtIiwiaXNfYWN0aXZlIjpmYWxzZSwidmVyaWZpZWQiOnRydWUsImRldmljZV9pZCI6IjY1MWJiMTY2NTI5ZmE2MDE5N2M4YWE1NSIsImRldmljZSI6eyJkZXZpY2VfaWQiOiI2NTFiYjE2NjUyOWZhNjAxOTdjOGFhNTUiLCJkZXZpY2VfbmFtZSI6ImlzaGFraHR0cCAiLCJkZXZpY2VfdHlwZSI6ImJyb3dzZXIiLCJkZXZpY2Vfb3MiOiIiLCJvcmlnaW4iOiJ1bmtub3duIiwiaXBfYWRkcmVzcyI6IjE3NS40MS40NC4xMzEifSwidXNlcl9zdGF0dXMiOiIiLCJkYXRlX2pvaW5lZCI6IjIwMjMtMDktMTJUMDg6NTU6NDcuMjI3WiIsInRva2VuX3R5cGUiOiJhY2Nlc3MiLCJleHAiOjE2OTYzNDI1MDJ9.NH7J91iyQAEmH6UTbmW58b9ew2uoss2ftIGQP3KfA7k
Success Conversation API Response,201,102.984,650027931893a8dc72fec250,5498,eyJhbGciOiJIUzI1NiIsInR5cCI6IkpXVCJ9.eyJpZCI6IjY1MDAyNzkzMTg5M2E4ZGM3MmZlYzI1MCIsImlzX2FkbWluIjpmYWxzZSwiY29udGFjdCI6IiIsImVtYWlsIjoiZWxlYXphcjE0QGhvdG1haWwuY29tIiwibG9naW5fdHlwZSI6ImVtYWlsIiwibG9naW5fc291cmNlIjoiMTBtaW5zY2hvb2wiLCJsb2dpbl90YXJnZXQiOiIiLCJsb2dpbl9hcyI6MCwibmFtZSI6IkVtZWxpZSIsImlzX2FjdGl2ZSI6ZmFsc2UsInZlcmlmaWVkIjp0cnVlLCJkZXZpY2VfaWQiOiI2NTFiYjE2NzUyOWZhNjAxOTdjOGFhNTciLCJkZXZpY2UiOnsiZGV2aWNlX2lkIjoiNjUxYmIxNjc1MjlmYTYwMTk3YzhhYTU3IiwiZGV2aWNlX25hbWUiOiJpc2hha2h0dHAgIiwiZGV2aWNlX3R5cGUiOiJicm93c2VyIiwiZGV2aWNlX29zIjoiIiwib3JpZ2luIjoidW5rbm93biIsImlwX2FkZHJlc3MiOiIxNzUuNDEuNDQuMTMxIn0sInVzZXJfc3RhdHVzIjoiIiwiZGF0ZV9qb2luZWQiOiIyMDIzLTA5LTEyVDA4OjU1OjQ3LjIzMloiLCJ0b2tlbl90eXBlIjoiYWNjZXNzIiwiZXhwIjoxNjk2MzQyNTAzfQ.xYPUF08wCQKsKUOH1Qqrc4vNrPWB30WJ-IFjo8yu_d4
Success Conversation API Response,201,102.242,650027931893a8dc72fec24f,5499,eyJhbGciOiJIUzI1NiIsInR5cCI6IkpXVCJ9.eyJpZCI6IjY1MDAyNzkzMTg5M2E4ZGM3MmZlYzI0ZiIsImlzX2FkbWluIjpmYWxzZSwiY29udGFjdCI6IiIsImVtYWlsIjoidHlyaXF1ZTg3QHlhaG9vLmNvbSIsImxvZ2luX3R5cGUiOiJlbWFpbCIsImxvZ2luX3NvdXJjZSI6IjEwbWluc2Nob29sIiwibG9naW5fdGFyZ2V0IjoiIiwibG9naW5fYXMiOjAsIm5hbWUiOiJNYXh3ZWxsIiwiaXNfYWN0aXZlIjpmYWxzZSwidmVyaWZpZWQiOnRydWUsImRldmljZV9pZCI6IjY1MWJiMTY3NTI5ZmE2MDE5N2M4YWE1OSIsImRldmljZSI6eyJkZXZpY2VfaWQiOiI2NTFiYjE2NzUyOWZhNjAxOTdjOGFhNTkiLCJkZXZpY2VfbmFtZSI6ImlzaGFraHR0cCAiLCJkZXZpY2VfdHlwZSI6ImJyb3dzZXIiLCJkZXZpY2Vfb3MiOiIiLCJvcmlnaW4iOiJ1bmtub3duIiwiaXBfYWRkcmVzcyI6IjE3NS40MS40NC4xMzEifSwidXNlcl9zdGF0dXMiOiIiLCJkYXRlX2pvaW5lZCI6IjIwMjMtMDktMTJUMDg6NTU6NDcuMjI4WiIsInRva2VuX3R5cGUiOiJhY2Nlc3MiLCJleHAiOjE2OTYzNDI1MDN9.DMWIKHLpLXM4fh1GU2FrY0bcFzRwW6FzHTgmfYuF_X4
Success Conversation API Response,201,108.478,650027931893a8dc72fec255,5500,eyJhbGciOiJIUzI1NiIsInR5cCI6IkpXVCJ9.eyJpZCI6IjY1MDAyNzkzMTg5M2E4ZGM3MmZlYzI1NSIsImlzX2FkbWluIjpmYWxzZSwiY29udGFjdCI6IiIsImVtYWlsIjoibGlzYTYyQGdtYWlsLmNvbSIsImxvZ2luX3R5cGUiOiJlbWFpbCIsImxvZ2luX3NvdXJjZSI6IjEwbWluc2Nob29sIiwibG9naW5fdGFyZ2V0IjoiIiwibG9naW5fYXMiOjAsIm5hbWUiOiJCcmVuZGVuIiwiaXNfYWN0aXZlIjpmYWxzZSwidmVyaWZpZWQiOnRydWUsImRldmljZV9pZCI6IjY1MWJiMTY3NTI5ZmE2MDE5N2M4YWE1YiIsImRldmljZSI6eyJkZXZpY2VfaWQiOiI2NTFiYjE2NzUyOWZhNjAxOTdjOGFhNWIiLCJkZXZpY2VfbmFtZSI6ImlzaGFraHR0cCAiLCJkZXZpY2VfdHlwZSI6ImJyb3dzZXIiLCJkZXZpY2Vfb3MiOiIiLCJvcmlnaW4iOiJ1bmtub3duIiwiaXBfYWRkcmVzcyI6IjE3NS40MS40NC4xMzEifSwidXNlcl9zdGF0dXMiOiIiLCJkYXRlX2pvaW5lZCI6IjIwMjMtMDktMTJUMDg6NTU6NDcuMjhaIiwidG9rZW5fdHlwZSI6ImFjY2VzcyIsImV4cCI6MTY5NjM0MjUwM30.sJYTUsk9dLUb_qs4s8hP9cA03mfkEqzbqVWsnO526Is
Success Conversation API Response,201,104.182,650027931893a8dc72fec256,5501,eyJhbGciOiJIUzI1NiIsInR5cCI6IkpXVCJ9.eyJpZCI6IjY1MDAyNzkzMTg5M2E4ZGM3MmZlYzI1NiIsImlzX2FkbWluIjpmYWxzZSwiY29udGFjdCI6IiIsImVtYWlsIjoibG9yaTYwQGdtYWlsLmNvbSIsImxvZ2luX3R5cGUiOiJlbWFpbCIsImxvZ2luX3NvdXJjZSI6IjEwbWluc2Nob29sIiwibG9naW5fdGFyZ2V0IjoiIiwibG9naW5fYXMiOjAsIm5hbWUiOiJQYWlnZSIsImlzX2FjdGl2ZSI6ZmFsc2UsInZlcmlmaWVkIjp0cnVlLCJkZXZpY2VfaWQiOiI2NTFiYjE2NzUyOWZhNjAxOTdjOGFhNWQiLCJkZXZpY2UiOnsiZGV2aWNlX2lkIjoiNjUxYmIxNjc1MjlmYTYwMTk3YzhhYTVkIiwiZGV2aWNlX25hbWUiOiJpc2hha2h0dHAgIiwiZGV2aWNlX3R5cGUiOiJicm93c2VyIiwiZGV2aWNlX29zIjoiIiwib3JpZ2luIjoidW5rbm93biIsImlwX2FkZHJlc3MiOiIxNzUuNDEuNDQuMTMxIn0sInVzZXJfc3RhdHVzIjoiIiwiZGF0ZV9qb2luZWQiOiIyMDIzLTA5LTEyVDA4OjU1OjQ3LjI4MloiLCJ0b2tlbl90eXBlIjoiYWNjZXNzIiwiZXhwIjoxNjk2MzQyNTAzfQ.NLf73Z_vusicPMRieX5vXsfDEGYvt7z0qyKcLoU2_LM
Success Conversation API Response,201,108.437,650027931893a8dc72fec25c,5502,eyJhbGciOiJIUzI1NiIsInR5cCI6IkpXVCJ9.eyJpZCI6IjY1MDAyNzkzMTg5M2E4ZGM3MmZlYzI1YyIsImlzX2FkbWluIjpmYWxzZSwiY29udGFjdCI6IiIsImVtYWlsIjoibm9ibGVfYmVhdHR5QHlhaG9vLmNvbSIsImxvZ2luX3R5cGUiOiJlbWFpbCIsImxvZ2luX3NvdXJjZSI6IjEwbWluc2Nob29sIiwibG9naW5fdGFyZ2V0IjoiIiwibG9naW5fYXMiOjAsIm5hbWUiOiJLYWlseW4iLCJpc19hY3RpdmUiOmZhbHNlLCJ2ZXJpZmllZCI6dHJ1ZSwiZGV2aWNlX2lkIjoiNjUxYmIxNjg1MjlmYTYwMTk3YzhhYTVmIiwiZGV2aWNlIjp7ImRldmljZV9pZCI6IjY1MWJiMTY4NTI5ZmE2MDE5N2M4YWE1ZiIsImRldmljZV9uYW1lIjoiaXNoYWtodHRwICIsImRldmljZV90eXBlIjoiYnJvd3NlciIsImRldmljZV9vcyI6IiIsIm9yaWdpbiI6InVua25vd24iLCJpcF9hZGRyZXNzIjoiMTc1LjQxLjQ0LjEzMSJ9LCJ1c2VyX3N0YXR1cyI6IiIsImRhdGVfam9pbmVkIjoiMjAyMy0wOS0xMlQwODo1NTo0Ny41NFoiLCJ0b2tlbl90eXBlIjoiYWNjZXNzIiwiZXhwIjoxNjk2MzQyNTA0fQ.W8eVSU772Rh-mhDjunvTo-x_zns-9eje3k9Jsx4PhGM
Success Conversation API Response,201,102.486,650027931893a8dc72fec25f,5503,eyJhbGciOiJIUzI1NiIsInR5cCI6IkpXVCJ9.eyJpZCI6IjY1MDAyNzkzMTg5M2E4ZGM3MmZlYzI1ZiIsImlzX2FkbWluIjpmYWxzZSwiY29udGFjdCI6IiIsImVtYWlsIjoiY2FkZV9mYWhleUBnbWFpbC5jb20iLCJsb2dpbl90eXBlIjoiZW1haWwiLCJsb2dpbl9zb3VyY2UiOiIxMG1pbnNjaG9vbCIsImxvZ2luX3RhcmdldCI6IiIsImxvZ2luX2FzIjowLCJuYW1lIjoiVGVsbHkiLCJpc19hY3RpdmUiOmZhbHNlLCJ2ZXJpZmllZCI6dHJ1ZSwiZGV2aWNlX2lkIjoiNjUxYmIxNjg1MjlmYTYwMTk3YzhhYTYxIiwiZGV2aWNlIjp7ImRldmljZV9pZCI6IjY1MWJiMTY4NTI5ZmE2MDE5N2M4YWE2MSIsImRldmljZV9uYW1lIjoiaXNoYWtodHRwICIsImRldmljZV90eXBlIjoiYnJvd3NlciIsImRldmljZV9vcyI6IiIsIm9yaWdpbiI6InVua25vd24iLCJpcF9hZGRyZXNzIjoiMTc1LjQxLjQ0LjEzMSJ9LCJ1c2VyX3N0YXR1cyI6IiIsImRhdGVfam9pbmVkIjoiMjAyMy0wOS0xMlQwODo1NTo0Ny42NjhaIiwidG9rZW5fdHlwZSI6ImFjY2VzcyIsImV4cCI6MTY5NjM0MjUwNH0.Qke70fk9DrZajCM8yitF7FJGycXl-yu95VpZ083sV5g
Success Conversation API Response,201,99.675,650027931893a8dc72fec262,5504,eyJhbGciOiJIUzI1NiIsInR5cCI6IkpXVCJ9.eyJpZCI6IjY1MDAyNzkzMTg5M2E4ZGM3MmZlYzI2MiIsImlzX2FkbWluIjpmYWxzZSwiY29udGFjdCI6IiIsImVtYWlsIjoiamFuaWVfZmFkZWwxMkBob3RtYWlsLmNvbSIsImxvZ2luX3R5cGUiOiJlbWFpbCIsImxvZ2luX3NvdXJjZSI6IjEwbWluc2Nob29sIiwibG9naW5fdGFyZ2V0IjoiIiwibG9naW5fYXMiOjAsIm5hbWUiOiJBbmFiZWxsZSIsImlzX2FjdGl2ZSI6ZmFsc2UsInZlcmlmaWVkIjp0cnVlLCJkZXZpY2VfaWQiOiI2NTFiYjE2ODUyOWZhNjAxOTdjOGFhNjMiLCJkZXZpY2UiOnsiZGV2aWNlX2lkIjoiNjUxYmIxNjg1MjlmYTYwMTk3YzhhYTYzIiwiZGV2aWNlX25hbWUiOiJpc2hha2h0dHAgIiwiZGV2aWNlX3R5cGUiOiJicm93c2VyIiwiZGV2aWNlX29zIjoiIiwib3JpZ2luIjoidW5rbm93biIsImlwX2FkZHJlc3MiOiIxNzUuNDEuNDQuMTMxIn0sInVzZXJfc3RhdHVzIjoiIiwiZGF0ZV9qb2luZWQiOiIyMDIzLTA5LTEyVDA4OjU1OjQ3LjczWiIsInRva2VuX3R5cGUiOiJhY2Nlc3MiLCJleHAiOjE2OTYzNDI1MDR9.Gz7tAhkc8ERVY5hVgGf5q1nOzjv2Lo_S6mObaA24hfU
Success Conversation API Response,201,99.623,650027931893a8dc72fec265,5505,eyJhbGciOiJIUzI1NiIsInR5cCI6IkpXVCJ9.eyJpZCI6IjY1MDAyNzkzMTg5M2E4ZGM3MmZlYzI2NSIsImlzX2FkbWluIjpmYWxzZSwiY29udGFjdCI6IiIsImVtYWlsIjoiYmV1bGFoX2NvbnJveUBnbWFpbC5jb20iLCJsb2dpbl90eXBlIjoiZW1haWwiLCJsb2dpbl9zb3VyY2UiOiIxMG1pbnNjaG9vbCIsImxvZ2luX3RhcmdldCI6IiIsImxvZ2luX2FzIjowLCJuYW1lIjoiQW5kcmUiLCJpc19hY3RpdmUiOmZhbHNlLCJ2ZXJpZmllZCI6dHJ1ZSwiZGV2aWNlX2lkIjoiNjUxYmIxNjk1MjlmYTYwMTk3YzhhYTY1IiwiZGV2aWNlIjp7ImRldmljZV9pZCI6IjY1MWJiMTY5NTI5ZmE2MDE5N2M4YWE2NSIsImRldmljZV9uYW1lIjoiaXNoYWtodHRwICIsImRldmljZV90eXBlIjoiYnJvd3NlciIsImRldmljZV9vcyI6IiIsIm9yaWdpbiI6InVua25vd24iLCJpcF9hZGRyZXNzIjoiMTc1LjQxLjQ0LjEzMSJ9LCJ1c2VyX3N0YXR1cyI6IiIsImRhdGVfam9pbmVkIjoiMjAyMy0wOS0xMlQwODo1NTo0Ny44MzNaIiwidG9rZW5fdHlwZSI6ImFjY2VzcyIsImV4cCI6MTY5NjM0MjUwNX0.rRprDZAvZM_IzsJBPa7JPxYm2_Q4pSFWO3vfxUSfs14
Success Conversation API Response,201,105.369,650027931893a8dc72fec266,5506,eyJhbGciOiJIUzI1NiIsInR5cCI6IkpXVCJ9.eyJpZCI6IjY1MDAyNzkzMTg5M2E4ZGM3MmZlYzI2NiIsImlzX2FkbWluIjpmYWxzZSwiY29udGFjdCI6IiIsImVtYWlsIjoiZ3JhY2UyNkBob3RtYWlsLmNvbSIsImxvZ2luX3R5cGUiOiJlbWFpbCIsImxvZ2luX3NvdXJjZSI6IjEwbWluc2Nob29sIiwibG9naW5fdGFyZ2V0IjoiIiwibG9naW5fYXMiOjAsIm5hbWUiOiJKYXlkZSIsImlzX2FjdGl2ZSI6ZmFsc2UsInZlcmlmaWVkIjp0cnVlLCJkZXZpY2VfaWQiOiI2NTFiYjE2OTUyOWZhNjAxOTdjOGFhNjciLCJkZXZpY2UiOnsiZGV2aWNlX2lkIjoiNjUxYmIxNjk1MjlmYTYwMTk3YzhhYTY3IiwiZGV2aWNlX25hbWUiOiJpc2hha2h0dHAgIiwiZGV2aWNlX3R5cGUiOiJicm93c2VyIiwiZGV2aWNlX29zIjoiIiwib3JpZ2luIjoidW5rbm93biIsImlwX2FkZHJlc3MiOiIxNzUuNDEuNDQuMTMxIn0sInVzZXJfc3RhdHVzIjoiIiwiZGF0ZV9qb2luZWQiOiIyMDIzLTA5LTEyVDA4OjU1OjQ3LjgzOVoiLCJ0b2tlbl90eXBlIjoiYWNjZXNzIiwiZXhwIjoxNjk2MzQyNTA1fQ.GMzrpr-mQUNRW2lNEosYt-ehxxUJbVxus1orzaf7V-A
Success Conversation API Response,201,110.595,650027931893a8dc72fec26b,5507,eyJhbGciOiJIUzI1NiIsInR5cCI6IkpXVCJ9.eyJpZCI6IjY1MDAyNzkzMTg5M2E4ZGM3MmZlYzI2YiIsImlzX2FkbWluIjpmYWxzZSwiY29udGFjdCI6IiIsImVtYWlsIjoiaGF5ZGVuMjlAaG90bWFpbC5jb20iLCJsb2dpbl90eXBlIjoiZW1haWwiLCJsb2dpbl9zb3VyY2UiOiIxMG1pbnNjaG9vbCIsImxvZ2luX3RhcmdldCI6IiIsImxvZ2luX2FzIjowLCJuYW1lIjoiUGVyY3kiLCJpc19hY3RpdmUiOmZhbHNlLCJ2ZXJpZmllZCI6dHJ1ZSwiZGV2aWNlX2lkIjoiNjUxYmIxNjk1MjlmYTYwMTk3YzhhYTY5IiwiZGV2aWNlIjp7ImRldmljZV9pZCI6IjY1MWJiMTY5NTI5ZmE2MDE5N2M4YWE2OSIsImRldmljZV9uYW1lIjoiaXNoYWtodHRwICIsImRldmljZV90eXBlIjoiYnJvd3NlciIsImRldmljZV9vcyI6IiIsIm9yaWdpbiI6InVua25vd24iLCJpcF9hZGRyZXNzIjoiMTc1LjQxLjQ0LjEzMSJ9LCJ1c2VyX3N0YXR1cyI6IiIsImRhdGVfam9pbmVkIjoiMjAyMy0wOS0xMlQwODo1NTo0Ny45NVoiLCJ0b2tlbl90eXBlIjoiYWNjZXNzIiwiZXhwIjoxNjk2MzQyNTA1fQ.I3OElmxf1gp-bE5yPlMjCGxJlitfGxLpfpF1WhmOQmM
Success Conversation API Response,201,104.726,650027931893a8dc72fec26a,5508,eyJhbGciOiJIUzI1NiIsInR5cCI6IkpXVCJ9.eyJpZCI6IjY1MDAyNzkzMTg5M2E4ZGM3MmZlYzI2YSIsImlzX2FkbWluIjpmYWxzZSwiY29udGFjdCI6IiIsImVtYWlsIjoibWF4aW5lNTVAaG90bWFpbC5jb20iLCJsb2dpbl90eXBlIjoiZW1haWwiLCJsb2dpbl9zb3VyY2UiOiIxMG1pbnNjaG9vbCIsImxvZ2luX3RhcmdldCI6IiIsImxvZ2luX2FzIjowLCJuYW1lIjoiR3JhZHkiLCJpc19hY3RpdmUiOmZhbHNlLCJ2ZXJpZmllZCI6dHJ1ZSwiZGV2aWNlX2lkIjoiNjUxYmIxNjk1MjlmYTYwMTk3YzhhYTZiIiwiZGV2aWNlIjp7ImRldmljZV9pZCI6IjY1MWJiMTY5NTI5ZmE2MDE5N2M4YWE2YiIsImRldmljZV9uYW1lIjoiaXNoYWtodHRwICIsImRldmljZV90eXBlIjoiYnJvd3NlciIsImRldmljZV9vcyI6IiIsIm9yaWdpbiI6InVua25vd24iLCJpcF9hZGRyZXNzIjoiMTc1LjQxLjQ0LjEzMSJ9LCJ1c2VyX3N0YXR1cyI6IiIsImRhdGVfam9pbmVkIjoiMjAyMy0wOS0xMlQwODo1NTo0Ny45MzFaIiwidG9rZW5fdHlwZSI6ImFjY2VzcyIsImV4cCI6MTY5NjM0MjUwNX0.phphrLTfd_iLy2TMvNYrOTNvvpwtO_WwBPOgQeQVieE
Success Conversation API Response,201,121.716,650027941893a8dc72fec270,5509,eyJhbGciOiJIUzI1NiIsInR5cCI6IkpXVCJ9.eyJpZCI6IjY1MDAyNzk0MTg5M2E4ZGM3MmZlYzI3MCIsImlzX2FkbWluIjpmYWxzZSwiY29udGFjdCI6IiIsImVtYWlsIjoiZWRkX3BhcmtlcjhAeWFob28uY29tIiwibG9naW5fdHlwZSI6ImVtYWlsIiwibG9naW5fc291cmNlIjoiMTBtaW5zY2hvb2wiLCJsb2dpbl90YXJnZXQiOiIiLCJsb2dpbl9hcyI6MCwibmFtZSI6IkpvaGF0aGFuIiwiaXNfYWN0aXZlIjpmYWxzZSwidmVyaWZpZWQiOnRydWUsImRldmljZV9pZCI6IjY1MWJiMTZhNTI5ZmE2MDE5N2M4YWE2ZCIsImRldmljZSI6eyJkZXZpY2VfaWQiOiI2NTFiYjE2YTUyOWZhNjAxOTdjOGFhNmQiLCJkZXZpY2VfbmFtZSI6ImlzaGFraHR0cCAiLCJkZXZpY2VfdHlwZSI6ImJyb3dzZXIiLCJkZXZpY2Vfb3MiOiIiLCJvcmlnaW4iOiJ1bmtub3duIiwiaXBfYWRkcmVzcyI6IjE3NS40MS40NC4xMzEifSwidXNlcl9zdGF0dXMiOiIiLCJkYXRlX2pvaW5lZCI6IjIwMjMtMDktMTJUMDg6NTU6NDguMDI5WiIsInRva2VuX3R5cGUiOiJhY2Nlc3MiLCJleHAiOjE2OTYzNDI1MDZ9.piMr9rbHioZfEYPfbkSHOTbqR9PZGSlt18Ta-AdLmy0
Success Conversation API Response,201,112.315,650027941893a8dc72fec274,5510,eyJhbGciOiJIUzI1NiIsInR5cCI6IkpXVCJ9.eyJpZCI6IjY1MDAyNzk0MTg5M2E4ZGM3MmZlYzI3NCIsImlzX2FkbWluIjpmYWxzZSwiY29udGFjdCI6IiIsImVtYWlsIjoia2F0cmluZV9tZWRodXJzdDdAeWFob28uY29tIiwibG9naW5fdHlwZSI6ImVtYWlsIiwibG9naW5fc291cmNlIjoiMTBtaW5zY2hvb2wiLCJsb2dpbl90YXJnZXQiOiIiLCJsb2dpbl9hcyI6MCwibmFtZSI6IkNsb3lkIiwiaXNfYWN0aXZlIjpmYWxzZSwidmVyaWZpZWQiOnRydWUsImRldmljZV9pZCI6IjY1MWJiMTZhNTI5ZmE2MDE5N2M4YWE2ZiIsImRldmljZSI6eyJkZXZpY2VfaWQiOiI2NTFiYjE2YTUyOWZhNjAxOTdjOGFhNmYiLCJkZXZpY2VfbmFtZSI6ImlzaGFraHR0cCAiLCJkZXZpY2VfdHlwZSI6ImJyb3dzZXIiLCJkZXZpY2Vfb3MiOiIiLCJvcmlnaW4iOiJ1bmtub3duIiwiaXBfYWRkcmVzcyI6IjE3NS40MS40NC4xMzEifSwidXNlcl9zdGF0dXMiOiIiLCJkYXRlX2pvaW5lZCI6IjIwMjMtMDktMTJUMDg6NTU6NDguMTNaIiwidG9rZW5fdHlwZSI6ImFjY2VzcyIsImV4cCI6MTY5NjM0MjUwNn0.hb2-1J6dcN1Pgyk_0W81e_PLdhu39wdmB77Glt_H6lk
Success Conversation API Response,201,107.889,650027941893a8dc72fec278,5511,eyJhbGciOiJIUzI1NiIsInR5cCI6IkpXVCJ9.eyJpZCI6IjY1MDAyNzk0MTg5M2E4ZGM3MmZlYzI3OCIsImlzX2FkbWluIjpmYWxzZSwiY29udGFjdCI6IiIsImVtYWlsIjoibWFlX2phc2tvbHNraUB5YWhvby5jb20iLCJsb2dpbl90eXBlIjoiZW1haWwiLCJsb2dpbl9zb3VyY2UiOiIxMG1pbnNjaG9vbCIsImxvZ2luX3RhcmdldCI6IiIsImxvZ2luX2FzIjowLCJuYW1lIjoiWWFzbWluIiwiaXNfYWN0aXZlIjpmYWxzZSwidmVyaWZpZWQiOnRydWUsImRldmljZV9pZCI6IjY1MWJiMTZhNTI5ZmE2MDE5N2M4YWE3MSIsImRldmljZSI6eyJkZXZpY2VfaWQiOiI2NTFiYjE2YTUyOWZhNjAxOTdjOGFhNzEiLCJkZXZpY2VfbmFtZSI6ImlzaGFraHR0cCAiLCJkZXZpY2VfdHlwZSI6ImJyb3dzZXIiLCJkZXZpY2Vfb3MiOiIiLCJvcmlnaW4iOiJ1bmtub3duIiwiaXBfYWRkcmVzcyI6IjE3NS40MS40NC4xMzEifSwidXNlcl9zdGF0dXMiOiIiLCJkYXRlX2pvaW5lZCI6IjIwMjMtMDktMTJUMDg6NTU6NDguMzM3WiIsInRva2VuX3R5cGUiOiJhY2Nlc3MiLCJleHAiOjE2OTYzNDI1MDZ9.YHjhvCYHfmQRLps1213rAwoDFJMFU5CZWtXvzNPxCp0
Success Conversation API Response,201,112.357,650027941893a8dc72fec279,5512,eyJhbGciOiJIUzI1NiIsInR5cCI6IkpXVCJ9.eyJpZCI6IjY1MDAyNzk0MTg5M2E4ZGM3MmZlYzI3OSIsImlzX2FkbWluIjpmYWxzZSwiY29udGFjdCI6IiIsImVtYWlsIjoiZXZhbHluMjJAZ21haWwuY29tIiwibG9naW5fdHlwZSI6ImVtYWlsIiwibG9naW5fc291cmNlIjoiMTBtaW5zY2hvb2wiLCJsb2dpbl90YXJnZXQiOiIiLCJsb2dpbl9hcyI6MCwibmFtZSI6Ik5pY2tsYXVzIiwiaXNfYWN0aXZlIjpmYWxzZSwidmVyaWZpZWQiOnRydWUsImRldmljZV9pZCI6IjY1MWJiMTZhNTI5ZmE2MDE5N2M4YWE3MyIsImRldmljZSI6eyJkZXZpY2VfaWQiOiI2NTFiYjE2YTUyOWZhNjAxOTdjOGFhNzMiLCJkZXZpY2VfbmFtZSI6ImlzaGFraHR0cCAiLCJkZXZpY2VfdHlwZSI6ImJyb3dzZXIiLCJkZXZpY2Vfb3MiOiIiLCJvcmlnaW4iOiJ1bmtub3duIiwiaXBfYWRkcmVzcyI6IjE3NS40MS40NC4xMzEifSwidXNlcl9zdGF0dXMiOiIiLCJkYXRlX2pvaW5lZCI6IjIwMjMtMDktMTJUMDg6NTU6NDguMzM4WiIsInRva2VuX3R5cGUiOiJhY2Nlc3MiLCJleHAiOjE2OTYzNDI1MDZ9.-ayF9NC7ZMBh_G_0gIeD6MsTmVULA0kYzAJSkW5qIcU
Success Conversation API Response,201,106.759,650027941893a8dc72fec27a,5513,eyJhbGciOiJIUzI1NiIsInR5cCI6IkpXVCJ9.eyJpZCI6IjY1MDAyNzk0MTg5M2E4ZGM3MmZlYzI3YSIsImlzX2FkbWluIjpmYWxzZSwiY29udGFjdCI6IiIsImVtYWlsIjoiaHVudGVyMzRAaG90bWFpbC5jb20iLCJsb2dpbl90eXBlIjoiZW1haWwiLCJsb2dpbl9zb3VyY2UiOiIxMG1pbnNjaG9vbCIsImxvZ2luX3RhcmdldCI6IiIsImxvZ2luX2FzIjowLCJuYW1lIjoiQ2llbG8iLCJpc19hY3RpdmUiOmZhbHNlLCJ2ZXJpZmllZCI6dHJ1ZSwiZGV2aWNlX2lkIjoiNjUxYmIxNmI1MjlmYTYwMTk3YzhhYTc1IiwiZGV2aWNlIjp7ImRldmljZV9pZCI6IjY1MWJiMTZiNTI5ZmE2MDE5N2M4YWE3NSIsImRldmljZV9uYW1lIjoiaXNoYWtodHRwICIsImRldmljZV90eXBlIjoiYnJvd3NlciIsImRldmljZV9vcyI6IiIsIm9yaWdpbiI6InVua25vd24iLCJpcF9hZGRyZXNzIjoiMTc1LjQxLjQ0LjEzMSJ9LCJ1c2VyX3N0YXR1cyI6IiIsImRhdGVfam9pbmVkIjoiMjAyMy0wOS0xMlQwODo1NTo0OC4zMzhaIiwidG9rZW5fdHlwZSI6ImFjY2VzcyIsImV4cCI6MTY5NjM0MjUwN30.mHUHi8J8wLcS8i_nGBgmwb-tExoOuB7vTFnQgktTs9E
Success Conversation API Response,201,113.247,650027941893a8dc72fec277,5514,eyJhbGciOiJIUzI1NiIsInR5cCI6IkpXVCJ9.eyJpZCI6IjY1MDAyNzk0MTg5M2E4ZGM3MmZlYzI3NyIsImlzX2FkbWluIjpmYWxzZSwiY29udGFjdCI6IiIsImVtYWlsIjoicnVieTIxQGhvdG1haWwuY29tIiwibG9naW5fdHlwZSI6ImVtYWlsIiwibG9naW5fc291cmNlIjoiMTBtaW5zY2hvb2wiLCJsb2dpbl90YXJnZXQiOiIiLCJsb2dpbl9hcyI6MCwibmFtZSI6IkpveWNlIiwiaXNfYWN0aXZlIjpmYWxzZSwidmVyaWZpZWQiOnRydWUsImRldmljZV9pZCI6IjY1MWJiMTZiNTI5ZmE2MDE5N2M4YWE3NyIsImRldmljZSI6eyJkZXZpY2VfaWQiOiI2NTFiYjE2YjUyOWZhNjAxOTdjOGFhNzciLCJkZXZpY2VfbmFtZSI6ImlzaGFraHR0cCAiLCJkZXZpY2VfdHlwZSI6ImJyb3dzZXIiLCJkZXZpY2Vfb3MiOiIiLCJvcmlnaW4iOiJ1bmtub3duIiwiaXBfYWRkcmVzcyI6IjE3NS40MS40NC4xMzEifSwidXNlcl9zdGF0dXMiOiIiLCJkYXRlX2pvaW5lZCI6IjIwMjMtMDktMTJUMDg6NTU6NDguMzMxWiIsInRva2VuX3R5cGUiOiJhY2Nlc3MiLCJleHAiOjE2OTYzNDI1MDd9.BZPIIsG0nMXfjOV2oK-kDXkC3QZQIIlqi1-47HQmb50
Success Conversation API Response,201,112.86,650027941893a8dc72fec282,5515,eyJhbGciOiJIUzI1NiIsInR5cCI6IkpXVCJ9.eyJpZCI6IjY1MDAyNzk0MTg5M2E4ZGM3MmZlYzI4MiIsImlzX2FkbWluIjpmYWxzZSwiY29udGFjdCI6IiIsImVtYWlsIjoiam9yZGFuX3doaXRlQHlhaG9vLmNvbSIsImxvZ2luX3R5cGUiOiJlbWFpbCIsImxvZ2luX3NvdXJjZSI6IjEwbWluc2Nob29sIiwibG9naW5fdGFyZ2V0IjoiIiwibG9naW5fYXMiOjAsIm5hbWUiOiJZb3NoaWtvIiwiaXNfYWN0aXZlIjpmYWxzZSwidmVyaWZpZWQiOnRydWUsImRldmljZV9pZCI6IjY1MWJiMTZiNTI5ZmE2MDE5N2M4YWE3OSIsImRldmljZSI6eyJkZXZpY2VfaWQiOiI2NTFiYjE2YjUyOWZhNjAxOTdjOGFhNzkiLCJkZXZpY2VfbmFtZSI6ImlzaGFraHR0cCAiLCJkZXZpY2VfdHlwZSI6ImJyb3dzZXIiLCJkZXZpY2Vfb3MiOiIiLCJvcmlnaW4iOiJ1bmtub3duIiwiaXBfYWRkcmVzcyI6IjE3NS40MS40NC4xMzEifSwidXNlcl9zdGF0dXMiOiIiLCJkYXRlX2pvaW5lZCI6IjIwMjMtMDktMTJUMDg6NTU6NDguNTM2WiIsInRva2VuX3R5cGUiOiJhY2Nlc3MiLCJleHAiOjE2OTYzNDI1MDd9.OttnP6g2fozbPU9YI57Qy7N3Sp1lThZCaM_6ZzONRVw
Success Conversation API Response,201,106.989,650027941893a8dc72fec283,5516,eyJhbGciOiJIUzI1NiIsInR5cCI6IkpXVCJ9.eyJpZCI6IjY1MDAyNzk0MTg5M2E4ZGM3MmZlYzI4MyIsImlzX2FkbWluIjpmYWxzZSwiY29udGFjdCI6IiIsImVtYWlsIjoiZWlubzE5QHlhaG9vLmNvbSIsImxvZ2luX3R5cGUiOiJlbWFpbCIsImxvZ2luX3NvdXJjZSI6IjEwbWluc2Nob29sIiwibG9naW5fdGFyZ2V0IjoiIiwibG9naW5fYXMiOjAsIm5hbWUiOiJHbGFkeXMiLCJpc19hY3RpdmUiOmZhbHNlLCJ2ZXJpZmllZCI6dHJ1ZSwiZGV2aWNlX2lkIjoiNjUxYmIxNmM1MjlmYTYwMTk3YzhhYTdiIiwiZGV2aWNlIjp7ImRldmljZV9pZCI6IjY1MWJiMTZjNTI5ZmE2MDE5N2M4YWE3YiIsImRldmljZV9uYW1lIjoiaXNoYWtodHRwICIsImRldmljZV90eXBlIjoiYnJvd3NlciIsImRldmljZV9vcyI6IiIsIm9yaWdpbiI6InVua25vd24iLCJpcF9hZGRyZXNzIjoiMTc1LjQxLjQ0LjEzMSJ9LCJ1c2VyX3N0YXR1cyI6IiIsImRhdGVfam9pbmVkIjoiMjAyMy0wOS0xMlQwODo1NTo0OC41MzlaIiwidG9rZW5fdHlwZSI6ImFjY2VzcyIsImV4cCI6MTY5NjM0MjUwOH0.aUJWbsTZ59e21Q24-9te9anhMEFvrLLGmeY5WNSyTdk
Success Conversation API Response,201,108.95,650027941893a8dc72fec289,5517,eyJhbGciOiJIUzI1NiIsInR5cCI6IkpXVCJ9.eyJpZCI6IjY1MDAyNzk0MTg5M2E4ZGM3MmZlYzI4OSIsImlzX2FkbWluIjpmYWxzZSwiY29udGFjdCI6IiIsImVtYWlsIjoiam9hbm5pZV9iYWxpc3RyZXJpQGdtYWlsLmNvbSIsImxvZ2luX3R5cGUiOiJlbWFpbCIsImxvZ2luX3NvdXJjZSI6IjEwbWluc2Nob29sIiwibG9naW5fdGFyZ2V0IjoiIiwibG9naW5fYXMiOjAsIm5hbWUiOiJNYXkiLCJpc19hY3RpdmUiOmZhbHNlLCJ2ZXJpZmllZCI6dHJ1ZSwiZGV2aWNlX2lkIjoiNjUxYmIxNmM1MjlmYTYwMTk3YzhhYTdkIiwiZGV2aWNlIjp7ImRldmljZV9pZCI6IjY1MWJiMTZjNTI5ZmE2MDE5N2M4YWE3ZCIsImRldmljZV9uYW1lIjoiaXNoYWtodHRwICIsImRldmljZV90eXBlIjoiYnJvd3NlciIsImRldmljZV9vcyI6IiIsIm9yaWdpbiI6InVua25vd24iLCJpcF9hZGRyZXNzIjoiMTc1LjQxLjQ0LjEzMSJ9LCJ1c2VyX3N0YXR1cyI6IiIsImRhdGVfam9pbmVkIjoiMjAyMy0wOS0xMlQwODo1NTo0OC42MzRaIiwidG9rZW5fdHlwZSI6ImFjY2VzcyIsImV4cCI6MTY5NjM0MjUwOH0.7ftaP_i7H_uffj3hkkdDqxZgmCj3Oy_roymeLwNqm5I
Success Conversation API Response,201,111.717,650027941893a8dc72fec280,5518,eyJhbGciOiJIUzI1NiIsInR5cCI6IkpXVCJ9.eyJpZCI6IjY1MDAyNzk0MTg5M2E4ZGM3MmZlYzI4MCIsImlzX2FkbWluIjpmYWxzZSwiY29udGFjdCI6IiIsImVtYWlsIjoiamFiYXJpNzNAaG90bWFpbC5jb20iLCJsb2dpbl90eXBlIjoiZW1haWwiLCJsb2dpbl9zb3VyY2UiOiIxMG1pbnNjaG9vbCIsImxvZ2luX3RhcmdldCI6IiIsImxvZ2luX2FzIjowLCJuYW1lIjoiRnJhbmNpc2NvIiwiaXNfYWN0aXZlIjpmYWxzZSwidmVyaWZpZWQiOnRydWUsImRldmljZV9pZCI6IjY1MWJiMTZjNTI5ZmE2MDE5N2M4YWE3ZiIsImRldmljZSI6eyJkZXZpY2VfaWQiOiI2NTFiYjE2YzUyOWZhNjAxOTdjOGFhN2YiLCJkZXZpY2VfbmFtZSI6ImlzaGFraHR0cCAiLCJkZXZpY2VfdHlwZSI6ImJyb3dzZXIiLCJkZXZpY2Vfb3MiOiIiLCJvcmlnaW4iOiJ1bmtub3duIiwiaXBfYWRkcmVzcyI6IjE3NS40MS40NC4xMzEifSwidXNlcl9zdGF0dXMiOiIiLCJkYXRlX2pvaW5lZCI6IjIwMjMtMDktMTJUMDg6NTU6NDguNTI4WiIsInRva2VuX3R5cGUiOiJhY2Nlc3MiLCJleHAiOjE2OTYzNDI1MDh9.CsOQ06DDytsySnND7Nx4wjzqlzDmYR5G24Opy8Sj8rw
Success Conversation API Response,201,107.6,650027941893a8dc72fec28e,5519,eyJhbGciOiJIUzI1NiIsInR5cCI6IkpXVCJ9.eyJpZCI6IjY1MDAyNzk0MTg5M2E4ZGM3MmZlYzI4ZSIsImlzX2FkbWluIjpmYWxzZSwiY29udGFjdCI6IiIsImVtYWlsIjoiZGVsbWVyX2t1YkBnbWFpbC5jb20iLCJsb2dpbl90eXBlIjoiZW1haWwiLCJsb2dpbl9zb3VyY2UiOiIxMG1pbnNjaG9vbCIsImxvZ2luX3RhcmdldCI6IiIsImxvZ2luX2FzIjowLCJuYW1lIjoiVGF5YSIsImlzX2FjdGl2ZSI6ZmFsc2UsInZlcmlmaWVkIjp0cnVlLCJkZXZpY2VfaWQiOiI2NTFiYjE2YzUyOWZhNjAxOTdjOGFhODEiLCJkZXZpY2UiOnsiZGV2aWNlX2lkIjoiNjUxYmIxNmM1MjlmYTYwMTk3YzhhYTgxIiwiZGV2aWNlX25hbWUiOiJpc2hha2h0dHAgIiwiZGV2aWNlX3R5cGUiOiJicm93c2VyIiwiZGV2aWNlX29zIjoiIiwib3JpZ2luIjoidW5rbm93biIsImlwX2FkZHJlc3MiOiIxNzUuNDEuNDQuMTMxIn0sInVzZXJfc3RhdHVzIjoiIiwiZGF0ZV9qb2luZWQiOiIyMDIzLTA5LTEyVDA4OjU1OjQ4LjczMVoiLCJ0b2tlbl90eXBlIjoiYWNjZXNzIiwiZXhwIjoxNjk2MzQyNTA4fQ.EZunOGLCqILnJSLZVlbCMXOJE2JoqkKNzoCoHE0tqgg
Success Conversation API Response,201,181.54,650027941893a8dc72fec28d,5520,eyJhbGciOiJIUzI1NiIsInR5cCI6IkpXVCJ9.eyJpZCI6IjY1MDAyNzk0MTg5M2E4ZGM3MmZlYzI4ZCIsImlzX2FkbWluIjpmYWxzZSwiY29udGFjdCI6IiIsImVtYWlsIjoiamVyZW15NjRAeWFob28uY29tIiwibG9naW5fdHlwZSI6ImVtYWlsIiwibG9naW5fc291cmNlIjoiMTBtaW5zY2hvb2wiLCJsb2dpbl90YXJnZXQiOiIiLCJsb2dpbl9hcyI6MCwibmFtZSI6IlR5bGVyIiwiaXNfYWN0aXZlIjpmYWxzZSwidmVyaWZpZWQiOnRydWUsImRldmljZV9pZCI6IjY1MWJiMTZkNTI5ZmE2MDE5N2M4YWE4MyIsImRldmljZSI6eyJkZXZpY2VfaWQiOiI2NTFiYjE2ZDUyOWZhNjAxOTdjOGFhODMiLCJkZXZpY2VfbmFtZSI6ImlzaGFraHR0cCAiLCJkZXZpY2VfdHlwZSI6ImJyb3dzZXIiLCJkZXZpY2Vfb3MiOiIiLCJvcmlnaW4iOiJ1bmtub3duIiwiaXBfYWRkcmVzcyI6IjE3NS40MS40NC4xMzEifSwidXNlcl9zdGF0dXMiOiIiLCJkYXRlX2pvaW5lZCI6IjIwMjMtMDktMTJUMDg6NTU6NDguNzMxWiIsInRva2VuX3R5cGUiOiJhY2Nlc3MiLCJleHAiOjE2OTYzNDI1MDl9.UYxGlACryYKDgGHH1uWoZOAdBqKbxXkNr7JwMwqn4wY
Success Conversation API Response,201,105.64,650027941893a8dc72fec28f,5521,eyJhbGciOiJIUzI1NiIsInR5cCI6IkpXVCJ9.eyJpZCI6IjY1MDAyNzk0MTg5M2E4ZGM3MmZlYzI4ZiIsImlzX2FkbWluIjpmYWxzZSwiY29udGFjdCI6IiIsImVtYWlsIjoiY2hhcmxpZTIxQHlhaG9vLmNvbSIsImxvZ2luX3R5cGUiOiJlbWFpbCIsImxvZ2luX3NvdXJjZSI6IjEwbWluc2Nob29sIiwibG9naW5fdGFyZ2V0IjoiIiwibG9naW5fYXMiOjAsIm5hbWUiOiJKb2FuaWUiLCJpc19hY3RpdmUiOmZhbHNlLCJ2ZXJpZmllZCI6dHJ1ZSwiZGV2aWNlX2lkIjoiNjUxYmIxNmQ1MjlmYTYwMTk3YzhhYTg1IiwiZGV2aWNlIjp7ImRldmljZV9pZCI6IjY1MWJiMTZkNTI5ZmE2MDE5N2M4YWE4NSIsImRldmljZV9uYW1lIjoiaXNoYWtodHRwICIsImRldmljZV90eXBlIjoiYnJvd3NlciIsImRldmljZV9vcyI6IiIsIm9yaWdpbiI6InVua25vd24iLCJpcF9hZGRyZXNzIjoiMTc1LjQxLjQ0LjEzMSJ9LCJ1c2VyX3N0YXR1cyI6IiIsImRhdGVfam9pbmVkIjoiMjAyMy0wOS0xMlQwODo1NTo0OC43MzJaIiwidG9rZW5fdHlwZSI6ImFjY2VzcyIsImV4cCI6MTY5NjM0MjUwOX0.Se9iwLHXskTnkynKtJtzrOwor7ljsovYnNP_qfs_NQg
Success Conversation API Response,201,100.274,650027941893a8dc72fec298,5522,eyJhbGciOiJIUzI1NiIsInR5cCI6IkpXVCJ9.eyJpZCI6IjY1MDAyNzk0MTg5M2E4ZGM3MmZlYzI5OCIsImlzX2FkbWluIjpmYWxzZSwiY29udGFjdCI6IiIsImVtYWlsIjoiYWRlbGFfYmVkbmFyQGhvdG1haWwuY29tIiwibG9naW5fdHlwZSI6ImVtYWlsIiwibG9naW5fc291cmNlIjoiMTBtaW5zY2hvb2wiLCJsb2dpbl90YXJnZXQiOiIiLCJsb2dpbl9hcyI6MCwibmFtZSI6IlRoZW9kb3JhIiwiaXNfYWN0aXZlIjpmYWxzZSwidmVyaWZpZWQiOnRydWUsImRldmljZV9pZCI6IjY1MWJiMTZkNTI5ZmE2MDE5N2M4YWE4NyIsImRldmljZSI6eyJkZXZpY2VfaWQiOiI2NTFiYjE2ZDUyOWZhNjAxOTdjOGFhODciLCJkZXZpY2VfbmFtZSI6ImlzaGFraHR0cCAiLCJkZXZpY2VfdHlwZSI6ImJyb3dzZXIiLCJkZXZpY2Vfb3MiOiIiLCJvcmlnaW4iOiJ1bmtub3duIiwiaXBfYWRkcmVzcyI6IjE3NS40MS40NC4xMzEifSwidXNlcl9zdGF0dXMiOiIiLCJkYXRlX2pvaW5lZCI6IjIwMjMtMDktMTJUMDg6NTU6NDguOTMxWiIsInRva2VuX3R5cGUiOiJhY2Nlc3MiLCJleHAiOjE2OTYzNDI1MDl9.1naV_baidNewQwAczS2B-SInr4Qy6uQEZO8wMrTyuu8
Success Conversation API Response,201,114.076,650027941893a8dc72fec294,5523,eyJhbGciOiJIUzI1NiIsInR5cCI6IkpXVCJ9.eyJpZCI6IjY1MDAyNzk0MTg5M2E4ZGM3MmZlYzI5NCIsImlzX2FkbWluIjpmYWxzZSwiY29udGFjdCI6IiIsImVtYWlsIjoiY2ljZXJvOTZAeWFob28uY29tIiwibG9naW5fdHlwZSI6ImVtYWlsIiwibG9naW5fc291cmNlIjoiMTBtaW5zY2hvb2wiLCJsb2dpbl90YXJnZXQiOiIiLCJsb2dpbl9hcyI6MCwibmFtZSI6IkxhdXJlbCIsImlzX2FjdGl2ZSI6ZmFsc2UsInZlcmlmaWVkIjp0cnVlLCJkZXZpY2VfaWQiOiI2NTFiYjE2ZDUyOWZhNjAxOTdjOGFhODkiLCJkZXZpY2UiOnsiZGV2aWNlX2lkIjoiNjUxYmIxNmQ1MjlmYTYwMTk3YzhhYTg5IiwiZGV2aWNlX25hbWUiOiJpc2hha2h0dHAgIiwiZGV2aWNlX3R5cGUiOiJicm93c2VyIiwiZGV2aWNlX29zIjoiIiwib3JpZ2luIjoidW5rbm93biIsImlwX2FkZHJlc3MiOiIxNzUuNDEuNDQuMTMxIn0sInVzZXJfc3RhdHVzIjoiIiwiZGF0ZV9qb2luZWQiOiIyMDIzLTA5LTEyVDA4OjU1OjQ4LjgzNloiLCJ0b2tlbl90eXBlIjoiYWNjZXNzIiwiZXhwIjoxNjk2MzQyNTA5fQ.5fB3rVQwEE-h-SGr3fEOLT7S_xJ9htEOZYBysUXPJXA
Success Conversation API Response,201,101.904,650027951893a8dc72fec2a2,5585,eyJhbGciOiJIUzI1NiIsInR5cCI6IkpXVCJ9.eyJpZCI6IjY1MDAyNzk1MTg5M2E4ZGM3MmZlYzJhMiIsImlzX2FkbWluIjpmYWxzZSwiY29udGFjdCI6IiIsImVtYWlsIjoic2FtYXJhNjVAaG90bWFpbC5jb20iLCJsb2dpbl90eXBlIjoiZW1haWwiLCJsb2dpbl9zb3VyY2UiOiIxMG1pbnNjaG9vbCIsImxvZ2luX3RhcmdldCI6IiIsImxvZ2luX2FzIjowLCJuYW1lIjoiRGV3YXluZSIsImlzX2FjdGl2ZSI6ZmFsc2UsInZlcmlmaWVkIjp0cnVlLCJkZXZpY2VfaWQiOiI2NTFiYjE2ZTUyOWZhNjAxOTdjOGFhOGIiLCJkZXZpY2UiOnsiZGV2aWNlX2lkIjoiNjUxYmIxNmU1MjlmYTYwMTk3YzhhYThiIiwiZGV2aWNlX25hbWUiOiJpc2hha2h0dHAgIiwiZGV2aWNlX3R5cGUiOiJicm93c2VyIiwiZGV2aWNlX29zIjoiIiwib3JpZ2luIjoidW5rbm93biIsImlwX2FkZHJlc3MiOiIxNzUuNDEuNDQuMTMxIn0sInVzZXJfc3RhdHVzIjoiIiwiZGF0ZV9qb2luZWQiOiIyMDIzLTA5LTEyVDA4OjU1OjQ5LjEzMVoiLCJ0b2tlbl90eXBlIjoiYWNjZXNzIiwiZXhwIjoxNjk2MzQyNTEwfQ.Dy6hq_5Wxl9IMOb2nmnM7mnGooUFcQPzJG7AeQG84YI
Success Conversation API Response,201,101.772,650027941893a8dc72fec297,5586,eyJhbGciOiJIUzI1NiIsInR5cCI6IkpXVCJ9.eyJpZCI6IjY1MDAyNzk0MTg5M2E4ZGM3MmZlYzI5NyIsImlzX2FkbWluIjpmYWxzZSwiY29udGFjdCI6IiIsImVtYWlsIjoiY3Jpc3RpYW45MkBnbWFpbC5jb20iLCJsb2dpbl90eXBlIjoiZW1haWwiLCJsb2dpbl9zb3VyY2UiOiIxMG1pbnNjaG9vbCIsImxvZ2luX3RhcmdldCI6IiIsImxvZ2luX2FzIjowLCJuYW1lIjoiSmVybWFpbiIsImlzX2FjdGl2ZSI6ZmFsc2UsInZlcmlmaWVkIjp0cnVlLCJkZXZpY2VfaWQiOiI2NTFiYjE2ZTUyOWZhNjAxOTdjOGFhOGQiLCJkZXZpY2UiOnsiZGV2aWNlX2lkIjoiNjUxYmIxNmU1MjlmYTYwMTk3YzhhYThkIiwiZGV2aWNlX25hbWUiOiJpc2hha2h0dHAgIiwiZGV2aWNlX3R5cGUiOiJicm93c2VyIiwiZGV2aWNlX29zIjoiIiwib3JpZ2luIjoidW5rbm93biIsImlwX2FkZHJlc3MiOiIxNzUuNDEuNDQuMTMxIn0sInVzZXJfc3RhdHVzIjoiIiwiZGF0ZV9qb2luZWQiOiIyMDIzLTA5LTEyVDA4OjU1OjQ4LjkyOVoiLCJ0b2tlbl90eXBlIjoiYWNjZXNzIiwiZXhwIjoxNjk2MzQyNTEwfQ.RTWqv5r3k9e37pvb2v611wOkF-p-h4ZPIIq-j5mAggQ
Success Conversation API Response,201,107.22,650027951893a8dc72fec2a1,5587,eyJhbGciOiJIUzI1NiIsInR5cCI6IkpXVCJ9.eyJpZCI6IjY1MDAyNzk1MTg5M2E4ZGM3MmZlYzJhMSIsImlzX2FkbWluIjpmYWxzZSwiY29udGFjdCI6IiIsImVtYWlsIjoiZmlvbmE2MkBnbWFpbC5jb20iLCJsb2dpbl90eXBlIjoiZW1haWwiLCJsb2dpbl9zb3VyY2UiOiIxMG1pbnNjaG9vbCIsImxvZ2luX3RhcmdldCI6IiIsImxvZ2luX2FzIjowLCJuYW1lIjoiTWlsbyIsImlzX2FjdGl2ZSI6ZmFsc2UsInZlcmlmaWVkIjp0cnVlLCJkZXZpY2VfaWQiOiI2NTFiYjE2ZTUyOWZhNjAxOTdjOGFhOGYiLCJkZXZpY2UiOnsiZGV2aWNlX2lkIjoiNjUxYmIxNmU1MjlmYTYwMTk3YzhhYThmIiwiZGV2aWNlX25hbWUiOiJpc2hha2h0dHAgIiwiZGV2aWNlX3R5cGUiOiJicm93c2VyIiwiZGV2aWNlX29zIjoiIiwib3JpZ2luIjoidW5rbm93biIsImlwX2FkZHJlc3MiOiIxNzUuNDEuNDQuMTMxIn0sInVzZXJfc3RhdHVzIjoiIiwiZGF0ZV9qb2luZWQiOiIyMDIzLTA5LTEyVDA4OjU1OjQ5LjEyN1oiLCJ0b2tlbl90eXBlIjoiYWNjZXNzIiwiZXhwIjoxNjk2MzQyNTEwfQ.qqYeZ7aVjihzoDwbQqPag78ynAlTIJQW8WEvzzfCmhs
Success Conversation API Response,201,100.048,650027951893a8dc72fec2aa,5588,eyJhbGciOiJIUzI1NiIsInR5cCI6IkpXVCJ9.eyJpZCI6IjY1MDAyNzk1MTg5M2E4ZGM3MmZlYzJhYSIsImlzX2FkbWluIjpmYWxzZSwiY29udGFjdCI6IiIsImVtYWlsIjoiaGFkbGV5X21heWVyMTZAeWFob28uY29tIiwibG9naW5fdHlwZSI6ImVtYWlsIiwibG9naW5fc291cmNlIjoiMTBtaW5zY2hvb2wiLCJsb2dpbl90YXJnZXQiOiIiLCJsb2dpbl9hcyI6MCwibmFtZSI6IkRlc3RpbiIsImlzX2FjdGl2ZSI6ZmFsc2UsInZlcmlmaWVkIjp0cnVlLCJkZXZpY2VfaWQiOiI2NTFiYjE2ZTUyOWZhNjAxOTdjOGFhOTEiLCJkZXZpY2UiOnsiZGV2aWNlX2lkIjoiNjUxYmIxNmU1MjlmYTYwMTk3YzhhYTkxIiwiZGV2aWNlX25hbWUiOiJpc2hha2h0dHAgIiwiZGV2aWNlX3R5cGUiOiJicm93c2VyIiwiZGV2aWNlX29zIjoiIiwib3JpZ2luIjoidW5rbm93biIsImlwX2FkZHJlc3MiOiIxNzUuNDEuNDQuMTMxIn0sInVzZXJfc3RhdHVzIjoiIiwiZGF0ZV9qb2luZWQiOiIyMDIzLTA5LTEyVDA4OjU1OjQ5LjQ0MVoiLCJ0b2tlbl90eXBlIjoiYWNjZXNzIiwiZXhwIjoxNjk2MzQyNTEwfQ.NDnOnVMV149eqo4VTXIRY5G0rvOq_P6pQC-FwnweSYw
Success Conversation API Response,201,102.587,650027951893a8dc72fec2ac,5589,eyJhbGciOiJIUzI1NiIsInR5cCI6IkpXVCJ9.eyJpZCI6IjY1MDAyNzk1MTg5M2E4ZGM3MmZlYzJhYyIsImlzX2FkbWluIjpmYWxzZSwiY29udGFjdCI6IiIsImVtYWlsIjoiZWxpbm9yZV9qZW5raW5zQHlhaG9vLmNvbSIsImxvZ2luX3R5cGUiOiJlbWFpbCIsImxvZ2luX3NvdXJjZSI6IjEwbWluc2Nob29sIiwibG9naW5fdGFyZ2V0IjoiIiwibG9naW5fYXMiOjAsIm5hbWUiOiJLYWlsZWUiLCJpc19hY3RpdmUiOmZhbHNlLCJ2ZXJpZmllZCI6dHJ1ZSwiZGV2aWNlX2lkIjoiNjUxYmIxNmY1MjlmYTYwMTk3YzhhYTkzIiwiZGV2aWNlIjp7ImRldmljZV9pZCI6IjY1MWJiMTZmNTI5ZmE2MDE5N2M4YWE5MyIsImRldmljZV9uYW1lIjoiaXNoYWtodHRwICIsImRldmljZV90eXBlIjoiYnJvd3NlciIsImRldmljZV9vcyI6IiIsIm9yaWdpbiI6InVua25vd24iLCJpcF9hZGRyZXNzIjoiMTc1LjQxLjQ0LjEzMSJ9LCJ1c2VyX3N0YXR1cyI6IiIsImRhdGVfam9pbmVkIjoiMjAyMy0wOS0xMlQwODo1NTo0OS40NDFaIiwidG9rZW5fdHlwZSI6ImFjY2VzcyIsImV4cCI6MTY5NjM0MjUxMX0.4LZdGAIWaCvfxP2euw3e-SGz2M-KK9_UXVKUgEbzMVM
Success Conversation API Response,201,104.714,650027951893a8dc72fec2a9,5590,eyJhbGciOiJIUzI1NiIsInR5cCI6IkpXVCJ9.eyJpZCI6IjY1MDAyNzk1MTg5M2E4ZGM3MmZlYzJhOSIsImlzX2FkbWluIjpmYWxzZSwiY29udGFjdCI6IiIsImVtYWlsIjoic2VhbXVzX2h1ZHNvbjQ3QGdtYWlsLmNvbSIsImxvZ2luX3R5cGUiOiJlbWFpbCIsImxvZ2luX3NvdXJjZSI6IjEwbWluc2Nob29sIiwibG9naW5fdGFyZ2V0IjoiIiwibG9naW5fYXMiOjAsIm5hbWUiOiJIYW5uYSIsImlzX2FjdGl2ZSI6ZmFsc2UsInZlcmlmaWVkIjp0cnVlLCJkZXZpY2VfaWQiOiI2NTFiYjE2ZjUyOWZhNjAxOTdjOGFhOTUiLCJkZXZpY2UiOnsiZGV2aWNlX2lkIjoiNjUxYmIxNmY1MjlmYTYwMTk3YzhhYTk1IiwiZGV2aWNlX25hbWUiOiJpc2hha2h0dHAgIiwiZGV2aWNlX3R5cGUiOiJicm93c2VyIiwiZGV2aWNlX29zIjoiIiwib3JpZ2luIjoidW5rbm93biIsImlwX2FkZHJlc3MiOiIxNzUuNDEuNDQuMTMxIn0sInVzZXJfc3RhdHVzIjoiIiwiZGF0ZV9qb2luZWQiOiIyMDIzLTA5LTEyVDA4OjU1OjQ5LjQ0MVoiLCJ0b2tlbl90eXBlIjoiYWNjZXNzIiwiZXhwIjoxNjk2MzQyNTExfQ.a3YTcr6hddTJpBlHNz07LLjxQgSecnmWi53iVkgZOVo
Success Conversation API Response,201,101.785,650027951893a8dc72fec2a5,5591,eyJhbGciOiJIUzI1NiIsInR5cCI6IkpXVCJ9.eyJpZCI6IjY1MDAyNzk1MTg5M2E4ZGM3MmZlYzJhNSIsImlzX2FkbWluIjpmYWxzZSwiY29udGFjdCI6IiIsImVtYWlsIjoiZG9yYTJAaG90bWFpbC5jb20iLCJsb2dpbl90eXBlIjoiZW1haWwiLCJsb2dpbl9zb3VyY2UiOiIxMG1pbnNjaG9vbCIsImxvZ2luX3RhcmdldCI6IiIsImxvZ2luX2FzIjowLCJuYW1lIjoiUGV0ZXIiLCJpc19hY3RpdmUiOmZhbHNlLCJ2ZXJpZmllZCI6dHJ1ZSwiZGV2aWNlX2lkIjoiNjUxYmIxNmY1MjlmYTYwMTk3YzhhYTk3IiwiZGV2aWNlIjp7ImRldmljZV9pZCI6IjY1MWJiMTZmNTI5ZmE2MDE5N2M4YWE5NyIsImRldmljZV9uYW1lIjoiaXNoYWtodHRwICIsImRldmljZV90eXBlIjoiYnJvd3NlciIsImRldmljZV9vcyI6IiIsIm9yaWdpbiI6InVua25vd24iLCJpcF9hZGRyZXNzIjoiMTc1LjQxLjQ0LjEzMSJ9LCJ1c2VyX3N0YXR1cyI6IiIsImRhdGVfam9pbmVkIjoiMjAyMy0wOS0xMlQwODo1NTo0OS4yMzZaIiwidG9rZW5fdHlwZSI6ImFjY2VzcyIsImV4cCI6MTY5NjM0MjUxMX0.GtdFA4y1c8rgqr2AcNVho_Yd1PJZJRr1H_4xcdFdfW8
Success Conversation API Response,201,104.329,650027951893a8dc72fec2ab,5592,eyJhbGciOiJIUzI1NiIsInR5cCI6IkpXVCJ9.eyJpZCI6IjY1MDAyNzk1MTg5M2E4ZGM3MmZlYzJhYiIsImlzX2FkbWluIjpmYWxzZSwiY29udGFjdCI6IiIsImVtYWlsIjoiY2xldGFfYm9yZXIwQHlhaG9vLmNvbSIsImxvZ2luX3R5cGUiOiJlbWFpbCIsImxvZ2luX3NvdXJjZSI6IjEwbWluc2Nob29sIiwibG9naW5fdGFyZ2V0IjoiIiwibG9naW5fYXMiOjAsIm5hbWUiOiJGcmVkZXJpYyIsImlzX2FjdGl2ZSI6ZmFsc2UsInZlcmlmaWVkIjp0cnVlLCJkZXZpY2VfaWQiOiI2NTFiYjE3MDUyOWZhNjAxOTdjOGFhOTkiLCJkZXZpY2UiOnsiZGV2aWNlX2lkIjoiNjUxYmIxNzA1MjlmYTYwMTk3YzhhYTk5IiwiZGV2aWNlX25hbWUiOiJpc2hha2h0dHAgIiwiZGV2aWNlX3R5cGUiOiJicm93c2VyIiwiZGV2aWNlX29zIjoiIiwib3JpZ2luIjoidW5rbm93biIsImlwX2FkZHJlc3MiOiIxNzUuNDEuNDQuMTMxIn0sInVzZXJfc3RhdHVzIjoiIiwiZGF0ZV9qb2luZWQiOiIyMDIzLTA5LTEyVDA4OjU1OjQ5LjQ0MVoiLCJ0b2tlbl90eXBlIjoiYWNjZXNzIiwiZXhwIjoxNjk2MzQyNTEyfQ.vhbkD4XpF2Cjau4DLd27Uc-pgzyhogGPu3cFRbGcssM
Success Conversation API Response,201,107.23,650027951893a8dc72fec2ba,5593,eyJhbGciOiJIUzI1NiIsInR5cCI6IkpXVCJ9.eyJpZCI6IjY1MDAyNzk1MTg5M2E4ZGM3MmZlYzJiYSIsImlzX2FkbWluIjpmYWxzZSwiY29udGFjdCI6IiIsImVtYWlsIjoiYW55YTNAaG90bWFpbC5jb20iLCJsb2dpbl90eXBlIjoiZW1haWwiLCJsb2dpbl9zb3VyY2UiOiIxMG1pbnNjaG9vbCIsImxvZ2luX3RhcmdldCI6IiIsImxvZ2luX2FzIjowLCJuYW1lIjoiTWVsb2R5IiwiaXNfYWN0aXZlIjpmYWxzZSwidmVyaWZpZWQiOnRydWUsImRldmljZV9pZCI6IjY1MWJiMTcwNTI5ZmE2MDE5N2M4YWE5YiIsImRldmljZSI6eyJkZXZpY2VfaWQiOiI2NTFiYjE3MDUyOWZhNjAxOTdjOGFhOWIiLCJkZXZpY2VfbmFtZSI6ImlzaGFraHR0cCAiLCJkZXZpY2VfdHlwZSI6ImJyb3dzZXIiLCJkZXZpY2Vfb3MiOiIiLCJvcmlnaW4iOiJ1bmtub3duIiwiaXBfYWRkcmVzcyI6IjE3NS40MS40NC4xMzEifSwidXNlcl9zdGF0dXMiOiIiLCJkYXRlX2pvaW5lZCI6IjIwMjMtMDktMTJUMDg6NTU6NDkuNjMxWiIsInRva2VuX3R5cGUiOiJhY2Nlc3MiLCJleHAiOjE2OTYzNDI1MTJ9.dOhlwVG5y7c2YsGJP01EvFhmTw6f61V-ifUUF6sALE0
Success Conversation API Response,201,103.282,650027951893a8dc72fec2b0,5594,eyJhbGciOiJIUzI1NiIsInR5cCI6IkpXVCJ9.eyJpZCI6IjY1MDAyNzk1MTg5M2E4ZGM3MmZlYzJiMCIsImlzX2FkbWluIjpmYWxzZSwiY29udGFjdCI6IiIsImVtYWlsIjoiYmVydGFfd2Fsc2hAeWFob28uY29tIiwibG9naW5fdHlwZSI6ImVtYWlsIiwibG9naW5fc291cmNlIjoiMTBtaW5zY2hvb2wiLCJsb2dpbl90YXJnZXQiOiIiLCJsb2dpbl9hcyI6MCwibmFtZSI6Ik9iaWUiLCJpc19hY3RpdmUiOmZhbHNlLCJ2ZXJpZmllZCI6dHJ1ZSwiZGV2aWNlX2lkIjoiNjUxYmIxNzA1MjlmYTYwMTk3YzhhYTlkIiwiZGV2aWNlIjp7ImRldmljZV9pZCI6IjY1MWJiMTcwNTI5ZmE2MDE5N2M4YWE5ZCIsImRldmljZV9uYW1lIjoiaXNoYWtodHRwICIsImRldmljZV90eXBlIjoiYnJvd3NlciIsImRldmljZV9vcyI6IiIsIm9yaWdpbiI6InVua25vd24iLCJpcF9hZGRyZXNzIjoiMTc1LjQxLjQ0LjEzMSJ9LCJ1c2VyX3N0YXR1cyI6IiIsImRhdGVfam9pbmVkIjoiMjAyMy0wOS0xMlQwODo1NTo0OS41MjdaIiwidG9rZW5fdHlwZSI6ImFjY2VzcyIsImV4cCI6MTY5NjM0MjUxMn0.ae3ws89KTuyUBuZU2n298FgxlSuOKpa_oXTsTSP2FoE
Success Conversation API Response,201,106.832,650027951893a8dc72fec2b9,5595,eyJhbGciOiJIUzI1NiIsInR5cCI6IkpXVCJ9.eyJpZCI6IjY1MDAyNzk1MTg5M2E4ZGM3MmZlYzJiOSIsImlzX2FkbWluIjpmYWxzZSwiY29udGFjdCI6IiIsImVtYWlsIjoiZnJhbmNlc2NhNzhAaG90bWFpbC5jb20iLCJsb2dpbl90eXBlIjoiZW1haWwiLCJsb2dpbl9zb3VyY2UiOiIxMG1pbnNjaG9vbCIsImxvZ2luX3RhcmdldCI6IiIsImxvZ2luX2FzIjowLCJuYW1lIjoiQmV0dHkiLCJpc19hY3RpdmUiOmZhbHNlLCJ2ZXJpZmllZCI6dHJ1ZSwiZGV2aWNlX2lkIjoiNjUxYmIxNzA1MjlmYTYwMTk3YzhhYTlmIiwiZGV2aWNlIjp7ImRldmljZV9pZCI6IjY1MWJiMTcwNTI5ZmE2MDE5N2M4YWE5ZiIsImRldmljZV9uYW1lIjoiaXNoYWtodHRwICIsImRldmljZV90eXBlIjoiYnJvd3NlciIsImRldmljZV9vcyI6IiIsIm9yaWdpbiI6InVua25vd24iLCJpcF9hZGRyZXNzIjoiMTc1LjQxLjQ0LjEzMSJ9LCJ1c2VyX3N0YXR1cyI6IiIsImRhdGVfam9pbmVkIjoiMjAyMy0wOS0xMlQwODo1NTo0OS42MzFaIiwidG9rZW5fdHlwZSI6ImFjY2VzcyIsImV4cCI6MTY5NjM0MjUxMn0.Hgg2P2IAJEfifRpFhpVkM4anZe3grlIwYq93NJOr9ss
Success Conversation API Response,201,112.139,650027951893a8dc72fec2c2,5596,eyJhbGciOiJIUzI1NiIsInR5cCI6IkpXVCJ9.eyJpZCI6IjY1MDAyNzk1MTg5M2E4ZGM3MmZlYzJjMiIsImlzX2FkbWluIjpmYWxzZSwiY29udGFjdCI6IiIsImVtYWlsIjoic3RlZmFuaWU5NUBob3RtYWlsLmNvbSIsImxvZ2luX3R5cGUiOiJlbWFpbCIsImxvZ2luX3NvdXJjZSI6IjEwbWluc2Nob29sIiwibG9naW5fdGFyZ2V0IjoiIiwibG9naW5fYXMiOjAsIm5hbWUiOiJLaWFubmEiLCJpc19hY3RpdmUiOmZhbHNlLCJ2ZXJpZmllZCI6dHJ1ZSwiZGV2aWNlX2lkIjoiNjUxYmIxNzE1MjlmYTYwMTk3YzhhYWExIiwiZGV2aWNlIjp7ImRldmljZV9pZCI6IjY1MWJiMTcxNTI5ZmE2MDE5N2M4YWFhMSIsImRldmljZV9uYW1lIjoiaXNoYWtodHRwICIsImRldmljZV90eXBlIjoiYnJvd3NlciIsImRldmljZV9vcyI6IiIsIm9yaWdpbiI6InVua25vd24iLCJpcF9hZGRyZXNzIjoiMTc1LjQxLjQ0LjEzMSJ9LCJ1c2VyX3N0YXR1cyI6IiIsImRhdGVfam9pbmVkIjoiMjAyMy0wOS0xMlQwODo1NTo0OS45MjRaIiwidG9rZW5fdHlwZSI6ImFjY2VzcyIsImV4cCI6MTY5NjM0MjUxM30.hlkjDQ9pn66SMsdvIHWyWkeDNpPXuHYumFXiws48eQg
Success Conversation API Response,201,115.449,650027951893a8dc72fec2c1,5597,eyJhbGciOiJIUzI1NiIsInR5cCI6IkpXVCJ9.eyJpZCI6IjY1MDAyNzk1MTg5M2E4ZGM3MmZlYzJjMSIsImlzX2FkbWluIjpmYWxzZSwiY29udGFjdCI6IiIsImVtYWlsIjoibHVpc2Ffd2FlbGNoaUBob3RtYWlsLmNvbSIsImxvZ2luX3R5cGUiOiJlbWFpbCIsImxvZ2luX3NvdXJjZSI6IjEwbWluc2Nob29sIiwibG9naW5fdGFyZ2V0IjoiIiwibG9naW5fYXMiOjAsIm5hbWUiOiJDbG90aWxkZSIsImlzX2FjdGl2ZSI6ZmFsc2UsInZlcmlmaWVkIjp0cnVlLCJkZXZpY2VfaWQiOiI2NTFiYjE3MTUyOWZhNjAxOTdjOGFhYTMiLCJkZXZpY2UiOnsiZGV2aWNlX2lkIjoiNjUxYmIxNzE1MjlmYTYwMTk3YzhhYWEzIiwiZGV2aWNlX25hbWUiOiJpc2hha2h0dHAgIiwiZGV2aWNlX3R5cGUiOiJicm93c2VyIiwiZGV2aWNlX29zIjoiIiwib3JpZ2luIjoidW5rbm93biIsImlwX2FkZHJlc3MiOiIxNzUuNDEuNDQuMTMxIn0sInVzZXJfc3RhdHVzIjoiIiwiZGF0ZV9qb2luZWQiOiIyMDIzLTA5LTEyVDA4OjU1OjQ5LjgzMloiLCJ0b2tlbl90eXBlIjoiYWNjZXNzIiwiZXhwIjoxNjk2MzQyNTEzfQ.gTAiIfHJDoFz4J-2TyO44AnXZObVz-EQpPyUbc4-zL0
Success Conversation API Response,201,121.09,650027951893a8dc72fec2c9,5598,eyJhbGciOiJIUzI1NiIsInR5cCI6IkpXVCJ9.eyJpZCI6IjY1MDAyNzk1MTg5M2E4ZGM3MmZlYzJjOSIsImlzX2FkbWluIjpmYWxzZSwiY29udGFjdCI6IiIsImVtYWlsIjoiamFtYXI2QGdtYWlsLmNvbSIsImxvZ2luX3R5cGUiOiJlbWFpbCIsImxvZ2luX3NvdXJjZSI6IjEwbWluc2Nob29sIiwibG9naW5fdGFyZ2V0IjoiIiwibG9naW5fYXMiOjAsIm5hbWUiOiJTYXJhaCIsImlzX2FjdGl2ZSI6ZmFsc2UsInZlcmlmaWVkIjp0cnVlLCJkZXZpY2VfaWQiOiI2NTFiYjE3MTUyOWZhNjAxOTdjOGFhYTUiLCJkZXZpY2UiOnsiZGV2aWNlX2lkIjoiNjUxYmIxNzE1MjlmYTYwMTk3YzhhYWE1IiwiZGV2aWNlX25hbWUiOiJpc2hha2h0dHAgIiwiZGV2aWNlX3R5cGUiOiJicm93c2VyIiwiZGV2aWNlX29zIjoiIiwib3JpZ2luIjoidW5rbm93biIsImlwX2FkZHJlc3MiOiIxNzUuNDEuNDQuMTMxIn0sInVzZXJfc3RhdHVzIjoiIiwiZGF0ZV9qb2luZWQiOiIyMDIzLTA5LTEyVDA4OjU1OjQ5LjkzM1oiLCJ0b2tlbl90eXBlIjoiYWNjZXNzIiwiZXhwIjoxNjk2MzQyNTEzfQ.ZtCp67NcPCPbxFLZN90cyaLulUv4v0ZRKGDrMOTzJAQ
Success Conversation API Response,201,112.261,650027951893a8dc72fec2be,5599,eyJhbGciOiJIUzI1NiIsInR5cCI6IkpXVCJ9.eyJpZCI6IjY1MDAyNzk1MTg5M2E4ZGM3MmZlYzJiZSIsImlzX2FkbWluIjpmYWxzZSwiY29udGFjdCI6IiIsImVtYWlsIjoiYWxlamFuZHJhX2dsb3ZlcjUwQGdtYWlsLmNvbSIsImxvZ2luX3R5cGUiOiJlbWFpbCIsImxvZ2luX3NvdXJjZSI6IjEwbWluc2Nob29sIiwibG9naW5fdGFyZ2V0IjoiIiwibG9naW5fYXMiOjAsIm5hbWUiOiJJcm1hIiwiaXNfYWN0aXZlIjpmYWxzZSwidmVyaWZpZWQiOnRydWUsImRldmljZV9pZCI6IjY1MWJiMTcxNTI5ZmE2MDE5N2M4YWFhNyIsImRldmljZSI6eyJkZXZpY2VfaWQiOiI2NTFiYjE3MTUyOWZhNjAxOTdjOGFhYTciLCJkZXZpY2VfbmFtZSI6ImlzaGFraHR0cCAiLCJkZXZpY2VfdHlwZSI6ImJyb3dzZXIiLCJkZXZpY2Vfb3MiOiIiLCJvcmlnaW4iOiJ1bmtub3duIiwiaXBfYWRkcmVzcyI6IjE3NS40MS40NC4xMzEifSwidXNlcl9zdGF0dXMiOiIiLCJkYXRlX2pvaW5lZCI6IjIwMjMtMDktMTJUMDg6NTU6NDkuNzQyWiIsInRva2VuX3R5cGUiOiJhY2Nlc3MiLCJleHAiOjE2OTYzNDI1MTN9.uuT3NtFYWsRlp8FT9dkBy9mETU0rOY3t0VwsXfKVxq0
Success Conversation API Response,201,105.811,650027951893a8dc72fec2c7,5600,eyJhbGciOiJIUzI1NiIsInR5cCI6IkpXVCJ9.eyJpZCI6IjY1MDAyNzk1MTg5M2E4ZGM3MmZlYzJjNyIsImlzX2FkbWluIjpmYWxzZSwiY29udGFjdCI6IiIsImVtYWlsIjoic2hlcndvb2Rfa3VobkB5YWhvby5jb20iLCJsb2dpbl90eXBlIjoiZW1haWwiLCJsb2dpbl9zb3VyY2UiOiIxMG1pbnNjaG9vbCIsImxvZ2luX3RhcmdldCI6IiIsImxvZ2luX2FzIjowLCJuYW1lIjoiR2xlbmRhIiwiaXNfYWN0aXZlIjpmYWxzZSwidmVyaWZpZWQiOnRydWUsImRldmljZV9pZCI6IjY1MWJiMTcyNTI5ZmE2MDE5N2M4YWFhOSIsImRldmljZSI6eyJkZXZpY2VfaWQiOiI2NTFiYjE3MjUyOWZhNjAxOTdjOGFhYTkiLCJkZXZpY2VfbmFtZSI6ImlzaGFraHR0cCAiLCJkZXZpY2VfdHlwZSI6ImJyb3dzZXIiLCJkZXZpY2Vfb3MiOiIiLCJvcmlnaW4iOiJ1bmtub3duIiwiaXBfYWRkcmVzcyI6IjE3NS40MS40NC4xMzEifSwidXNlcl9zdGF0dXMiOiIiLCJkYXRlX2pvaW5lZCI6IjIwMjMtMDktMTJUMDg6NTU6NDkuOTMyWiIsInRva2VuX3R5cGUiOiJhY2Nlc3MiLCJleHAiOjE2OTYzNDI1MTR9.YvGza5PFMAIzEDb9JWxLaZdT7lSLnqA5YKs8VA0Z0sk
Success Conversation API Response,201,103.685,650027951893a8dc72fec2cb,5601,eyJhbGciOiJIUzI1NiIsInR5cCI6IkpXVCJ9.eyJpZCI6IjY1MDAyNzk1MTg5M2E4ZGM3MmZlYzJjYiIsImlzX2FkbWluIjpmYWxzZSwiY29udGFjdCI6IiIsImVtYWlsIjoibWFjaV9qb2huc3RvbjYzQGdtYWlsLmNvbSIsImxvZ2luX3R5cGUiOiJlbWFpbCIsImxvZ2luX3NvdXJjZSI6IjEwbWluc2Nob29sIiwibG9naW5fdGFyZ2V0IjoiIiwibG9naW5fYXMiOjAsIm5hbWUiOiJDYXRocnluIiwiaXNfYWN0aXZlIjpmYWxzZSwidmVyaWZpZWQiOnRydWUsImRldmljZV9pZCI6IjY1MWJiMTcyNTI5ZmE2MDE5N2M4YWFhYiIsImRldmljZSI6eyJkZXZpY2VfaWQiOiI2NTFiYjE3MjUyOWZhNjAxOTdjOGFhYWIiLCJkZXZpY2VfbmFtZSI6ImlzaGFraHR0cCAiLCJkZXZpY2VfdHlwZSI6ImJyb3dzZXIiLCJkZXZpY2Vfb3MiOiIiLCJvcmlnaW4iOiJ1bmtub3duIiwiaXBfYWRkcmVzcyI6IjE3NS40MS40NC4xMzEifSwidXNlcl9zdGF0dXMiOiIiLCJkYXRlX2pvaW5lZCI6IjIwMjMtMDktMTJUMDg6NTU6NDkuOTMzWiIsInRva2VuX3R5cGUiOiJhY2Nlc3MiLCJleHAiOjE2OTYzNDI1MTR9.FbF0TSgEG5Vo7olgchRaQFQL0Zw-nB0wgCmkR_Z43kQ
Success Conversation API Response,201,109.486,650027951893a8dc72fec2cc,5602,eyJhbGciOiJIUzI1NiIsInR5cCI6IkpXVCJ9.eyJpZCI6IjY1MDAyNzk1MTg5M2E4ZGM3MmZlYzJjYyIsImlzX2FkbWluIjpmYWxzZSwiY29udGFjdCI6IiIsImVtYWlsIjoibWFnYWxpNkBnbWFpbC5jb20iLCJsb2dpbl90eXBlIjoiZW1haWwiLCJsb2dpbl9zb3VyY2UiOiIxMG1pbnNjaG9vbCIsImxvZ2luX3RhcmdldCI6IiIsImxvZ2luX2FzIjowLCJuYW1lIjoiUGF4dG9uIiwiaXNfYWN0aXZlIjpmYWxzZSwidmVyaWZpZWQiOnRydWUsImRldmljZV9pZCI6IjY1MWJiMTcyNTI5ZmE2MDE5N2M4YWFhZCIsImRldmljZSI6eyJkZXZpY2VfaWQiOiI2NTFiYjE3MjUyOWZhNjAxOTdjOGFhYWQiLCJkZXZpY2VfbmFtZSI6ImlzaGFraHR0cCAiLCJkZXZpY2VfdHlwZSI6ImJyb3dzZXIiLCJkZXZpY2Vfb3MiOiIiLCJvcmlnaW4iOiJ1bmtub3duIiwiaXBfYWRkcmVzcyI6IjE3NS40MS40NC4xMzEifSwidXNlcl9zdGF0dXMiOiIiLCJkYXRlX2pvaW5lZCI6IjIwMjMtMDktMTJUMDg6NTU6NDkuOTMzWiIsInRva2VuX3R5cGUiOiJhY2Nlc3MiLCJleHAiOjE2OTYzNDI1MTR9.E1ExpuAWFf-lAoJbYLN6iiJzXL4-ijq3O9WazjQNmSM
Success Conversation API Response,201,103.374,650027951893a8dc72fec2ca,5603,eyJhbGciOiJIUzI1NiIsInR5cCI6IkpXVCJ9.eyJpZCI6IjY1MDAyNzk1MTg5M2E4ZGM3MmZlYzJjYSIsImlzX2FkbWluIjpmYWxzZSwiY29udGFjdCI6IiIsImVtYWlsIjoibWFyYV9iYXJ0b2xldHRpQGdtYWlsLmNvbSIsImxvZ2luX3R5cGUiOiJlbWFpbCIsImxvZ2luX3NvdXJjZSI6IjEwbWluc2Nob29sIiwibG9naW5fdGFyZ2V0IjoiIiwibG9naW5fYXMiOjAsIm5hbWUiOiJBeWRlbiIsImlzX2FjdGl2ZSI6ZmFsc2UsInZlcmlmaWVkIjp0cnVlLCJkZXZpY2VfaWQiOiI2NTFiYjE3MzUyOWZhNjAxOTdjOGFhYWYiLCJkZXZpY2UiOnsiZGV2aWNlX2lkIjoiNjUxYmIxNzM1MjlmYTYwMTk3YzhhYWFmIiwiZGV2aWNlX25hbWUiOiJpc2hha2h0dHAgIiwiZGV2aWNlX3R5cGUiOiJicm93c2VyIiwiZGV2aWNlX29zIjoiIiwib3JpZ2luIjoidW5rbm93biIsImlwX2FkZHJlc3MiOiIxNzUuNDEuNDQuMTMxIn0sInVzZXJfc3RhdHVzIjoiIiwiZGF0ZV9qb2luZWQiOiIyMDIzLTA5LTEyVDA4OjU1OjQ5LjkzM1oiLCJ0b2tlbl90eXBlIjoiYWNjZXNzIiwiZXhwIjoxNjk2MzQyNTE1fQ.Ah8M6omny4lrG5BssdQJ2euQaGWzu7f-dDJHG0I599c
Success Conversation API Response,201,101.962,650027961893a8dc72fec2d2,5604,eyJhbGciOiJIUzI1NiIsInR5cCI6IkpXVCJ9.eyJpZCI6IjY1MDAyNzk2MTg5M2E4ZGM3MmZlYzJkMiIsImlzX2FkbWluIjpmYWxzZSwiY29udGFjdCI6IiIsImVtYWlsIjoiZG9tZW5pY19lZmZlcnR6QGdtYWlsLmNvbSIsImxvZ2luX3R5cGUiOiJlbWFpbCIsImxvZ2luX3NvdXJjZSI6IjEwbWluc2Nob29sIiwibG9naW5fdGFyZ2V0IjoiIiwibG9naW5fYXMiOjAsIm5hbWUiOiJSb3hhbmUiLCJpc19hY3RpdmUiOmZhbHNlLCJ2ZXJpZmllZCI6dHJ1ZSwiZGV2aWNlX2lkIjoiNjUxYmIxNzM1MjlmYTYwMTk3YzhhYWIxIiwiZGV2aWNlIjp7ImRldmljZV9pZCI6IjY1MWJiMTczNTI5ZmE2MDE5N2M4YWFiMSIsImRldmljZV9uYW1lIjoiaXNoYWtodHRwICIsImRldmljZV90eXBlIjoiYnJvd3NlciIsImRldmljZV9vcyI6IiIsIm9yaWdpbiI6InVua25vd24iLCJpcF9hZGRyZXNzIjoiMTc1LjQxLjQ0LjEzMSJ9LCJ1c2VyX3N0YXR1cyI6IiIsImRhdGVfam9pbmVkIjoiMjAyMy0wOS0xMlQwODo1NTo1MC4wMjhaIiwidG9rZW5fdHlwZSI6ImFjY2VzcyIsImV4cCI6MTY5NjM0MjUxNX0.b_CJrJj2RiterR81VZcG7kk0Bdogux1L7NABQ0MgCxo
Success Conversation API Response,201,112.552,650027961893a8dc72fec2d5,5605,eyJhbGciOiJIUzI1NiIsInR5cCI6IkpXVCJ9.eyJpZCI6IjY1MDAyNzk2MTg5M2E4ZGM3MmZlYzJkNSIsImlzX2FkbWluIjpmYWxzZSwiY29udGFjdCI6IiIsImVtYWlsIjoiZGVqYV9zYW5mb3JkOTBAaG90bWFpbC5jb20iLCJsb2dpbl90eXBlIjoiZW1haWwiLCJsb2dpbl9zb3VyY2UiOiIxMG1pbnNjaG9vbCIsImxvZ2luX3RhcmdldCI6IiIsImxvZ2luX2FzIjowLCJuYW1lIjoiQWxmb25zbyIsImlzX2FjdGl2ZSI6ZmFsc2UsInZlcmlmaWVkIjp0cnVlLCJkZXZpY2VfaWQiOiI2NTFiYjE3MzUyOWZhNjAxOTdjOGFhYjMiLCJkZXZpY2UiOnsiZGV2aWNlX2lkIjoiNjUxYmIxNzM1MjlmYTYwMTk3YzhhYWIzIiwiZGV2aWNlX25hbWUiOiJpc2hha2h0dHAgIiwiZGV2aWNlX3R5cGUiOiJicm93c2VyIiwiZGV2aWNlX29zIjoiIiwib3JpZ2luIjoidW5rbm93biIsImlwX2FkZHJlc3MiOiIxNzUuNDEuNDQuMTMxIn0sInVzZXJfc3RhdHVzIjoiIiwiZGF0ZV9qb2luZWQiOiIyMDIzLTA5LTEyVDA4OjU1OjUwLjAzMVoiLCJ0b2tlbl90eXBlIjoiYWNjZXNzIiwiZXhwIjoxNjk2MzQyNTE1fQ.7L3y46_t2pWY-w8MoqriWdjVocyx7fm8BAGllhJhSo0
Success Conversation API Response,201,113.582,650027961893a8dc72fec2d6,5606,eyJhbGciOiJIUzI1NiIsInR5cCI6IkpXVCJ9.eyJpZCI6IjY1MDAyNzk2MTg5M2E4ZGM3MmZlYzJkNiIsImlzX2FkbWluIjpmYWxzZSwiY29udGFjdCI6IiIsImVtYWlsIjoiZW1taXR0X3dpbGRlcm1hbjMwQGdtYWlsLmNvbSIsImxvZ2luX3R5cGUiOiJlbWFpbCIsImxvZ2luX3NvdXJjZSI6IjEwbWluc2Nob29sIiwibG9naW5fdGFyZ2V0IjoiIiwibG9naW5fYXMiOjAsIm5hbWUiOiJEYXNoYXduIiwiaXNfYWN0aXZlIjpmYWxzZSwidmVyaWZpZWQiOnRydWUsImRldmljZV9pZCI6IjY1MWJiMTczNTI5ZmE2MDE5N2M4YWFiNSIsImRldmljZSI6eyJkZXZpY2VfaWQiOiI2NTFiYjE3MzUyOWZhNjAxOTdjOGFhYjUiLCJkZXZpY2VfbmFtZSI6ImlzaGFraHR0cCAiLCJkZXZpY2VfdHlwZSI6ImJyb3dzZXIiLCJkZXZpY2Vfb3MiOiIiLCJvcmlnaW4iOiJ1bmtub3duIiwiaXBfYWRkcmVzcyI6IjE3NS40MS40NC4xMzEifSwidXNlcl9zdGF0dXMiOiIiLCJkYXRlX2pvaW5lZCI6IjIwMjMtMDktMTJUMDg6NTU6NTAuMDMyWiIsInRva2VuX3R5cGUiOiJhY2Nlc3MiLCJleHAiOjE2OTYzNDI1MTV9.P8aXQ6KGHdbvqlRkrnbwf-Dr0WillHfGnGH6kgUZI9c
Success Conversation API Response,201,108.203,650027951893a8dc72fec2c8,5607,eyJhbGciOiJIUzI1NiIsInR5cCI6IkpXVCJ9.eyJpZCI6IjY1MDAyNzk1MTg5M2E4ZGM3MmZlYzJjOCIsImlzX2FkbWluIjpmYWxzZSwiY29udGFjdCI6IiIsImVtYWlsIjoiamVzc2lrYV90aG9tcHNvbkBob3RtYWlsLmNvbSIsImxvZ2luX3R5cGUiOiJlbWFpbCIsImxvZ2luX3NvdXJjZSI6IjEwbWluc2Nob29sIiwibG9naW5fdGFyZ2V0IjoiIiwibG9naW5fYXMiOjAsIm5hbWUiOiJLYXlkZW4iLCJpc19hY3RpdmUiOmZhbHNlLCJ2ZXJpZmllZCI6dHJ1ZSwiZGV2aWNlX2lkIjoiNjUxYmIxNzQ1MjlmYTYwMTk3YzhhYWI3IiwiZGV2aWNlIjp7ImRldmljZV9pZCI6IjY1MWJiMTc0NTI5ZmE2MDE5N2M4YWFiNyIsImRldmljZV9uYW1lIjoiaXNoYWtodHRwICIsImRldmljZV90eXBlIjoiYnJvd3NlciIsImRldmljZV9vcyI6IiIsIm9yaWdpbiI6InVua25vd24iLCJpcF9hZGRyZXNzIjoiMTc1LjQxLjQ0LjEzMSJ9LCJ1c2VyX3N0YXR1cyI6IiIsImRhdGVfam9pbmVkIjoiMjAyMy0wOS0xMlQwODo1NTo0OS45MzJaIiwidG9rZW5fdHlwZSI6ImFjY2VzcyIsImV4cCI6MTY5NjM0MjUxNn0.bbf1WiUzEyBbjUjsXPYrOgVUzE5LdKsXMOIxDX3gasE
Success Conversation API Response,201,111.326,650027951893a8dc72fec2bb,5608,eyJhbGciOiJIUzI1NiIsInR5cCI6IkpXVCJ9.eyJpZCI6IjY1MDAyNzk1MTg5M2E4ZGM3MmZlYzJiYiIsImlzX2FkbWluIjpmYWxzZSwiY29udGFjdCI6IiIsImVtYWlsIjoiamFrZTUwQGhvdG1haWwuY29tIiwibG9naW5fdHlwZSI6ImVtYWlsIiwibG9naW5fc291cmNlIjoiMTBtaW5zY2hvb2wiLCJsb2dpbl90YXJnZXQiOiIiLCJsb2dpbl9hcyI6MCwibmFtZSI6IlRlcnJlbmNlIiwiaXNfYWN0aXZlIjpmYWxzZSwidmVyaWZpZWQiOnRydWUsImRldmljZV9pZCI6IjY1MWJiMTc0NTI5ZmE2MDE5N2M4YWFiOSIsImRldmljZSI6eyJkZXZpY2VfaWQiOiI2NTFiYjE3NDUyOWZhNjAxOTdjOGFhYjkiLCJkZXZpY2VfbmFtZSI6ImlzaGFraHR0cCAiLCJkZXZpY2VfdHlwZSI6ImJyb3dzZXIiLCJkZXZpY2Vfb3MiOiIiLCJvcmlnaW4iOiJ1bmtub3duIiwiaXBfYWRkcmVzcyI6IjE3NS40MS40NC4xMzEifSwidXNlcl9zdGF0dXMiOiIiLCJkYXRlX2pvaW5lZCI6IjIwMjMtMDktMTJUMDg6NTU6NDkuNjMyWiIsInRva2VuX3R5cGUiOiJhY2Nlc3MiLCJleHAiOjE2OTYzNDI1MTZ9.bnqyahlDO2zH_8XZhfFYjaOFCzHCyCfPoEL57eAWTKc
Success Conversation API Response,201,102.792,650027961893a8dc72fec2d4,5609,eyJhbGciOiJIUzI1NiIsInR5cCI6IkpXVCJ9.eyJpZCI6IjY1MDAyNzk2MTg5M2E4ZGM3MmZlYzJkNCIsImlzX2FkbWluIjpmYWxzZSwiY29udGFjdCI6IiIsImVtYWlsIjoiZGFubmllMjhAZ21haWwuY29tIiwibG9naW5fdHlwZSI6ImVtYWlsIiwibG9naW5fc291cmNlIjoiMTBtaW5zY2hvb2wiLCJsb2dpbl90YXJnZXQiOiIiLCJsb2dpbl9hcyI6MCwibmFtZSI6IkhlYmVyIiwiaXNfYWN0aXZlIjpmYWxzZSwidmVyaWZpZWQiOnRydWUsImRldmljZV9pZCI6IjY1MWJiMTc0NTI5ZmE2MDE5N2M4YWFiYiIsImRldmljZSI6eyJkZXZpY2VfaWQiOiI2NTFiYjE3NDUyOWZhNjAxOTdjOGFhYmIiLCJkZXZpY2VfbmFtZSI6ImlzaGFraHR0cCAiLCJkZXZpY2VfdHlwZSI6ImJyb3dzZXIiLCJkZXZpY2Vfb3MiOiIiLCJvcmlnaW4iOiJ1bmtub3duIiwiaXBfYWRkcmVzcyI6IjE3NS40MS40NC4xMzEifSwidXNlcl9zdGF0dXMiOiIiLCJkYXRlX2pvaW5lZCI6IjIwMjMtMDktMTJUMDg6NTU6NTAuMDMxWiIsInRva2VuX3R5cGUiOiJhY2Nlc3MiLCJleHAiOjE2OTYzNDI1MTZ9.wfAyZ_8DEzTz_ggMKz45eAntJxrstN4RMpOJ0fPVAd4
Success Conversation API Response,201,109.186,650027961893a8dc72fec2d3,5610,eyJhbGciOiJIUzI1NiIsInR5cCI6IkpXVCJ9.eyJpZCI6IjY1MDAyNzk2MTg5M2E4ZGM3MmZlYzJkMyIsImlzX2FkbWluIjpmYWxzZSwiY29udGFjdCI6IiIsImVtYWlsIjoicHJpbmNlc3NfbWVkaHVyc3Q4MEBob3RtYWlsLmNvbSIsImxvZ2luX3R5cGUiOiJlbWFpbCIsImxvZ2luX3NvdXJjZSI6IjEwbWluc2Nob29sIiwibG9naW5fdGFyZ2V0IjoiIiwibG9naW5fYXMiOjAsIm5hbWUiOiJBbGV4eXMiLCJpc19hY3RpdmUiOmZhbHNlLCJ2ZXJpZmllZCI6dHJ1ZSwiZGV2aWNlX2lkIjoiNjUxYmIxNzU1MjlmYTYwMTk3YzhhYWJkIiwiZGV2aWNlIjp7ImRldmljZV9pZCI6IjY1MWJiMTc1NTI5ZmE2MDE5N2M4YWFiZCIsImRldmljZV9uYW1lIjoiaXNoYWtodHRwICIsImRldmljZV90eXBlIjoiYnJvd3NlciIsImRldmljZV9vcyI6IiIsIm9yaWdpbiI6InVua25vd24iLCJpcF9hZGRyZXNzIjoiMTc1LjQxLjQ0LjEzMSJ9LCJ1c2VyX3N0YXR1cyI6IiIsImRhdGVfam9pbmVkIjoiMjAyMy0wOS0xMlQwODo1NTo1MC4wMjhaIiwidG9rZW5fdHlwZSI6ImFjY2VzcyIsImV4cCI6MTY5NjM0MjUxN30.k1Chqy0U9AHsLmqTjwtkxl0YbBi9ujXoj0qxGnjZ-WQ
Success Conversation API Response,201,107.755,650027961893a8dc72fec2e8,5611,eyJhbGciOiJIUzI1NiIsInR5cCI6IkpXVCJ9.eyJpZCI6IjY1MDAyNzk2MTg5M2E4ZGM3MmZlYzJlOCIsImlzX2FkbWluIjpmYWxzZSwiY29udGFjdCI6IiIsImVtYWlsIjoiYmV2ZXJseTc4QGhvdG1haWwuY29tIiwibG9naW5fdHlwZSI6ImVtYWlsIiwibG9naW5fc291cmNlIjoiMTBtaW5zY2hvb2wiLCJsb2dpbl90YXJnZXQiOiIiLCJsb2dpbl9hcyI6MCwibmFtZSI6Ikx1ZHdpZyIsImlzX2FjdGl2ZSI6ZmFsc2UsInZlcmlmaWVkIjp0cnVlLCJkZXZpY2VfaWQiOiI2NTFiYjE3NTUyOWZhNjAxOTdjOGFhYmYiLCJkZXZpY2UiOnsiZGV2aWNlX2lkIjoiNjUxYmIxNzU1MjlmYTYwMTk3YzhhYWJmIiwiZGV2aWNlX25hbWUiOiJpc2hha2h0dHAgIiwiZGV2aWNlX3R5cGUiOiJicm93c2VyIiwiZGV2aWNlX29zIjoiIiwib3JpZ2luIjoidW5rbm93biIsImlwX2FkZHJlc3MiOiIxNzUuNDEuNDQuMTMxIn0sInVzZXJfc3RhdHVzIjoiIiwiZGF0ZV9qb2luZWQiOiIyMDIzLTA5LTEyVDA4OjU1OjUwLjI1NloiLCJ0b2tlbl90eXBlIjoiYWNjZXNzIiwiZXhwIjoxNjk2MzQyNTE3fQ.x3oo4rCNHgj_BduPf3XDcPHOzgMIHeDimb-UEHRke8k
Success Conversation API Response,201,105.12,650027961893a8dc72fec2eb,5612,eyJhbGciOiJIUzI1NiIsInR5cCI6IkpXVCJ9.eyJpZCI6IjY1MDAyNzk2MTg5M2E4ZGM3MmZlYzJlYiIsImlzX2FkbWluIjpmYWxzZSwiY29udGFjdCI6IiIsImVtYWlsIjoibGF2aW5hMjBAZ21haWwuY29tIiwibG9naW5fdHlwZSI6ImVtYWlsIiwibG9naW5fc291cmNlIjoiMTBtaW5zY2hvb2wiLCJsb2dpbl90YXJnZXQiOiIiLCJsb2dpbl9hcyI6MCwibmFtZSI6IlN1c2llIiwiaXNfYWN0aXZlIjpmYWxzZSwidmVyaWZpZWQiOnRydWUsImRldmljZV9pZCI6IjY1MWJiMTc1NTI5ZmE2MDE5N2M4YWFjMSIsImRldmljZSI6eyJkZXZpY2VfaWQiOiI2NTFiYjE3NTUyOWZhNjAxOTdjOGFhYzEiLCJkZXZpY2VfbmFtZSI6ImlzaGFraHR0cCAiLCJkZXZpY2VfdHlwZSI6ImJyb3dzZXIiLCJkZXZpY2Vfb3MiOiIiLCJvcmlnaW4iOiJ1bmtub3duIiwiaXBfYWRkcmVzcyI6IjE3NS40MS40NC4xMzEifSwidXNlcl9zdGF0dXMiOiIiLCJkYXRlX2pvaW5lZCI6IjIwMjMtMDktMTJUMDg6NTU6NTAuMzI3WiIsInRva2VuX3R5cGUiOiJhY2Nlc3MiLCJleHAiOjE2OTYzNDI1MTd9.RUoYfUjEdirioINa34bsqxJ9I6WnS-lfoiFwI0-HXck
Success Conversation API Response,201,122.581,650027961893a8dc72fec2ee,5613,eyJhbGciOiJIUzI1NiIsInR5cCI6IkpXVCJ9.eyJpZCI6IjY1MDAyNzk2MTg5M2E4ZGM3MmZlYzJlZSIsImlzX2FkbWluIjpmYWxzZSwiY29udGFjdCI6IiIsImVtYWlsIjoiYXNobGV5NjNAeWFob28uY29tIiwibG9naW5fdHlwZSI6ImVtYWlsIiwibG9naW5fc291cmNlIjoiMTBtaW5zY2hvb2wiLCJsb2dpbl90YXJnZXQiOiIiLCJsb2dpbl9hcyI6MCwibmFtZSI6IlByaW5jZSIsImlzX2FjdGl2ZSI6ZmFsc2UsInZlcmlmaWVkIjp0cnVlLCJkZXZpY2VfaWQiOiI2NTFiYjE3NTUyOWZhNjAxOTdjOGFhYzMiLCJkZXZpY2UiOnsiZGV2aWNlX2lkIjoiNjUxYmIxNzU1MjlmYTYwMTk3YzhhYWMzIiwiZGV2aWNlX25hbWUiOiJpc2hha2h0dHAgIiwiZGV2aWNlX3R5cGUiOiJicm93c2VyIiwiZGV2aWNlX29zIjoiIiwib3JpZ2luIjoidW5rbm93biIsImlwX2FkZHJlc3MiOiIxNzUuNDEuNDQuMTMxIn0sInVzZXJfc3RhdHVzIjoiIiwiZGF0ZV9qb2luZWQiOiIyMDIzLTA5LTEyVDA4OjU1OjUwLjQzNFoiLCJ0b2tlbl90eXBlIjoiYWNjZXNzIiwiZXhwIjoxNjk2MzQyNTE3fQ.m5x6gxi6z7peiJz9HP5facM9oTtsSA5atKMHyYhuagE
Success Conversation API Response,201,124.006,650027961893a8dc72fec2e9,5614,eyJhbGciOiJIUzI1NiIsInR5cCI6IkpXVCJ9.eyJpZCI6IjY1MDAyNzk2MTg5M2E4ZGM3MmZlYzJlOSIsImlzX2FkbWluIjpmYWxzZSwiY29udGFjdCI6IiIsImVtYWlsIjoiZGlsbGFuMjVAZ21haWwuY29tIiwibG9naW5fdHlwZSI6ImVtYWlsIiwibG9naW5fc291cmNlIjoiMTBtaW5zY2hvb2wiLCJsb2dpbl90YXJnZXQiOiIiLCJsb2dpbl9hcyI6MCwibmFtZSI6IkxlaWxhbmkiLCJpc19hY3RpdmUiOmZhbHNlLCJ2ZXJpZmllZCI6dHJ1ZSwiZGV2aWNlX2lkIjoiNjUxYmIxNzY1MjlmYTYwMTk3YzhhYWM1IiwiZGV2aWNlIjp7ImRldmljZV9pZCI6IjY1MWJiMTc2NTI5ZmE2MDE5N2M4YWFjNSIsImRldmljZV9uYW1lIjoiaXNoYWtodHRwICIsImRldmljZV90eXBlIjoiYnJvd3NlciIsImRldmljZV9vcyI6IiIsIm9yaWdpbiI6InVua25vd24iLCJpcF9hZGRyZXNzIjoiMTc1LjQxLjQ0LjEzMSJ9LCJ1c2VyX3N0YXR1cyI6IiIsImRhdGVfam9pbmVkIjoiMjAyMy0wOS0xMlQwODo1NTo1MC4zMjVaIiwidG9rZW5fdHlwZSI6ImFjY2VzcyIsImV4cCI6MTY5NjM0MjUxOH0.7AKy5iwCDJSfPW_8qEyn7Ikobj1tXeG4D4V2Ki6g-oY
Success Conversation API Response,201,114.305,650027961893a8dc72fec2fd,5615,eyJhbGciOiJIUzI1NiIsInR5cCI6IkpXVCJ9.eyJpZCI6IjY1MDAyNzk2MTg5M2E4ZGM3MmZlYzJmZCIsImlzX2FkbWluIjpmYWxzZSwiY29udGFjdCI6IiIsImVtYWlsIjoicmVhbm5hX3NpcGVzNTJAaG90bWFpbC5jb20iLCJsb2dpbl90eXBlIjoiZW1haWwiLCJsb2dpbl9zb3VyY2UiOiIxMG1pbnNjaG9vbCIsImxvZ2luX3RhcmdldCI6IiIsImxvZ2luX2FzIjowLCJuYW1lIjoiTGF1cmVuY2UiLCJpc19hY3RpdmUiOmZhbHNlLCJ2ZXJpZmllZCI6dHJ1ZSwiZGV2aWNlX2lkIjoiNjUxYmIxNzY1MjlmYTYwMTk3YzhhYWM3IiwiZGV2aWNlIjp7ImRldmljZV9pZCI6IjY1MWJiMTc2NTI5ZmE2MDE5N2M4YWFjNyIsImRldmljZV9uYW1lIjoiaXNoYWtodHRwICIsImRldmljZV90eXBlIjoiYnJvd3NlciIsImRldmljZV9vcyI6IiIsIm9yaWdpbiI6InVua25vd24iLCJpcF9hZGRyZXNzIjoiMTc1LjQxLjQ0LjEzMSJ9LCJ1c2VyX3N0YXR1cyI6IiIsImRhdGVfam9pbmVkIjoiMjAyMy0wOS0xMlQwODo1NTo1MC44M1oiLCJ0b2tlbl90eXBlIjoiYWNjZXNzIiwiZXhwIjoxNjk2MzQyNTE4fQ.78sNuDlksWnH2qBw1t3DLcXSBxQwNyOwprtGktXA46Y
Success Conversation API Response,201,117.392,650027961893a8dc72fec2fe,5616,eyJhbGciOiJIUzI1NiIsInR5cCI6IkpXVCJ9.eyJpZCI6IjY1MDAyNzk2MTg5M2E4ZGM3MmZlYzJmZSIsImlzX2FkbWluIjpmYWxzZSwiY29udGFjdCI6IiIsImVtYWlsIjoiaWJyYWhpbTQ4QGhvdG1haWwuY29tIiwibG9naW5fdHlwZSI6ImVtYWlsIiwibG9naW5fc291cmNlIjoiMTBtaW5zY2hvb2wiLCJsb2dpbl90YXJnZXQiOiIiLCJsb2dpbl9hcyI6MCwibmFtZSI6Ikhlcm1pbmEiLCJpc19hY3RpdmUiOmZhbHNlLCJ2ZXJpZmllZCI6dHJ1ZSwiZGV2aWNlX2lkIjoiNjUxYmIxNzY1MjlmYTYwMTk3YzhhYWM5IiwiZGV2aWNlIjp7ImRldmljZV9pZCI6IjY1MWJiMTc2NTI5ZmE2MDE5N2M4YWFjOSIsImRldmljZV9uYW1lIjoiaXNoYWtodHRwICIsImRldmljZV90eXBlIjoiYnJvd3NlciIsImRldmljZV9vcyI6IiIsIm9yaWdpbiI6InVua25vd24iLCJpcF9hZGRyZXNzIjoiMTc1LjQxLjQ0LjEzMSJ9LCJ1c2VyX3N0YXR1cyI6IiIsImRhdGVfam9pbmVkIjoiMjAyMy0wOS0xMlQwODo1NTo1MC44MzJaIiwidG9rZW5fdHlwZSI6ImFjY2VzcyIsImV4cCI6MTY5NjM0MjUxOH0.Vrd-zgGrHnroVlKK1K8CLkze0T2OYDcSYf13Tr_-4cI
Success Conversation API Response,201,116.749,650027961893a8dc72fec2fa,5617,eyJhbGciOiJIUzI1NiIsInR5cCI6IkpXVCJ9.eyJpZCI6IjY1MDAyNzk2MTg5M2E4ZGM3MmZlYzJmYSIsImlzX2FkbWluIjpmYWxzZSwiY29udGFjdCI6IiIsImVtYWlsIjoicGh5bGxpc19nb3JjemFueUB5YWhvby5jb20iLCJsb2dpbl90eXBlIjoiZW1haWwiLCJsb2dpbl9zb3VyY2UiOiIxMG1pbnNjaG9vbCIsImxvZ2luX3RhcmdldCI6IiIsImxvZ2luX2FzIjowLCJuYW1lIjoiUm9ja3kiLCJpc19hY3RpdmUiOmZhbHNlLCJ2ZXJpZmllZCI6dHJ1ZSwiZGV2aWNlX2lkIjoiNjUxYmIxNzY1MjlmYTYwMTk3YzhhYWNiIiwiZGV2aWNlIjp7ImRldmljZV9pZCI6IjY1MWJiMTc2NTI5ZmE2MDE5N2M4YWFjYiIsImRldmljZV9uYW1lIjoiaXNoYWtodHRwICIsImRldmljZV90eXBlIjoiYnJvd3NlciIsImRldmljZV9vcyI6IiIsIm9yaWdpbiI6InVua25vd24iLCJpcF9hZGRyZXNzIjoiMTc1LjQxLjQ0LjEzMSJ9LCJ1c2VyX3N0YXR1cyI6IiIsImRhdGVfam9pbmVkIjoiMjAyMy0wOS0xMlQwODo1NTo1MC43MzVaIiwidG9rZW5fdHlwZSI6ImFjY2VzcyIsImV4cCI6MTY5NjM0MjUxOH0.MB2gyZgT9O8AAtaS7spFYxIEzANjgF2ZnPkU5NiOdLU
Success Conversation API Response,201,106.126,650027961893a8dc72fec2f9,5618,eyJhbGciOiJIUzI1NiIsInR5cCI6IkpXVCJ9.eyJpZCI6IjY1MDAyNzk2MTg5M2E4ZGM3MmZlYzJmOSIsImlzX2FkbWluIjpmYWxzZSwiY29udGFjdCI6IiIsImVtYWlsIjoib2NlYW5lX21jbGF1Z2hsaW5AeWFob28uY29tIiwibG9naW5fdHlwZSI6ImVtYWlsIiwibG9naW5fc291cmNlIjoiMTBtaW5zY2hvb2wiLCJsb2dpbl90YXJnZXQiOiIiLCJsb2dpbl9hcyI6MCwibmFtZSI6IkNoYWQiLCJpc19hY3RpdmUiOmZhbHNlLCJ2ZXJpZmllZCI6dHJ1ZSwiZGV2aWNlX2lkIjoiNjUxYmIxNzc1MjlmYTYwMTk3YzhhYWNkIiwiZGV2aWNlIjp7ImRldmljZV9pZCI6IjY1MWJiMTc3NTI5ZmE2MDE5N2M4YWFjZCIsImRldmljZV9uYW1lIjoiaXNoYWtodHRwICIsImRldmljZV90eXBlIjoiYnJvd3NlciIsImRldmljZV9vcyI6IiIsIm9yaWdpbiI6InVua25vd24iLCJpcF9hZGRyZXNzIjoiMTc1LjQxLjQ0LjEzMSJ9LCJ1c2VyX3N0YXR1cyI6IiIsImRhdGVfam9pbmVkIjoiMjAyMy0wOS0xMlQwODo1NTo1MC43MzRaIiwidG9rZW5fdHlwZSI6ImFjY2VzcyIsImV4cCI6MTY5NjM0MjUxOX0.L7mudkbLj1OZIAuEnn0uYXpAzUx348lNSMjWuRmmKMk
Success Conversation API Response,201,143.659,650027961893a8dc72fec305,5619,eyJhbGciOiJIUzI1NiIsInR5cCI6IkpXVCJ9.eyJpZCI6IjY1MDAyNzk2MTg5M2E4ZGM3MmZlYzMwNSIsImlzX2FkbWluIjpmYWxzZSwiY29udGFjdCI6IiIsImVtYWlsIjoid2Fpbm81QGdtYWlsLmNvbSIsImxvZ2luX3R5cGUiOiJlbWFpbCIsImxvZ2luX3NvdXJjZSI6IjEwbWluc2Nob29sIiwibG9naW5fdGFyZ2V0IjoiIiwibG9naW5fYXMiOjAsIm5hbWUiOiJSb2QiLCJpc19hY3RpdmUiOmZhbHNlLCJ2ZXJpZmllZCI6dHJ1ZSwiZGV2aWNlX2lkIjoiNjUxYmIxNzc1MjlmYTYwMTk3YzhhYWNmIiwiZGV2aWNlIjp7ImRldmljZV9pZCI6IjY1MWJiMTc3NTI5ZmE2MDE5N2M4YWFjZiIsImRldmljZV9uYW1lIjoiaXNoYWtodHRwICIsImRldmljZV90eXBlIjoiYnJvd3NlciIsImRldmljZV9vcyI6IiIsIm9yaWdpbiI6InVua25vd24iLCJpcF9hZGRyZXNzIjoiMTc1LjQxLjQ0LjEzMSJ9LCJ1c2VyX3N0YXR1cyI6IiIsImRhdGVfam9pbmVkIjoiMjAyMy0wOS0xMlQwODo1NTo1MC45MzFaIiwidG9rZW5fdHlwZSI6ImFjY2VzcyIsImV4cCI6MTY5NjM0MjUxOX0.I-_dBwotrpynr2X8aaHXq_pj40EuhWjk5m5IV28rRg4
Success Conversation API Response,201,110.616,650027961893a8dc72fec304,5620,eyJhbGciOiJIUzI1NiIsInR5cCI6IkpXVCJ9.eyJpZCI6IjY1MDAyNzk2MTg5M2E4ZGM3MmZlYzMwNCIsImlzX2FkbWluIjpmYWxzZSwiY29udGFjdCI6IiIsImVtYWlsIjoibW9udGFuYTE5QHlhaG9vLmNvbSIsImxvZ2luX3R5cGUiOiJlbWFpbCIsImxvZ2luX3NvdXJjZSI6IjEwbWluc2Nob29sIiwibG9naW5fdGFyZ2V0IjoiIiwibG9naW5fYXMiOjAsIm5hbWUiOiJHYWJyaWVsIiwiaXNfYWN0aXZlIjpmYWxzZSwidmVyaWZpZWQiOnRydWUsImRldmljZV9pZCI6IjY1MWJiMTc3NTI5ZmE2MDE5N2M4YWFkMSIsImRldmljZSI6eyJkZXZpY2VfaWQiOiI2NTFiYjE3NzUyOWZhNjAxOTdjOGFhZDEiLCJkZXZpY2VfbmFtZSI6ImlzaGFraHR0cCAiLCJkZXZpY2VfdHlwZSI6ImJyb3dzZXIiLCJkZXZpY2Vfb3MiOiIiLCJvcmlnaW4iOiJ1bmtub3duIiwiaXBfYWRkcmVzcyI6IjE3NS40MS40NC4xMzEifSwidXNlcl9zdGF0dXMiOiIiLCJkYXRlX2pvaW5lZCI6IjIwMjMtMDktMTJUMDg6NTU6NTAuOTMxWiIsInRva2VuX3R5cGUiOiJhY2Nlc3MiLCJleHAiOjE2OTYzNDI1MTl9.qcnTrpsWiicyor-4lqhloRGlxx7uhCsmvQ84u-LTlG4
Success Conversation API Response,201,107.257,650027961893a8dc72fec306,5621,eyJhbGciOiJIUzI1NiIsInR5cCI6IkpXVCJ9.eyJpZCI6IjY1MDAyNzk2MTg5M2E4ZGM3MmZlYzMwNiIsImlzX2FkbWluIjpmYWxzZSwiY29udGFjdCI6IiIsImVtYWlsIjoiam9yZGFuX2xhbmd3b3J0aDg0QHlhaG9vLmNvbSIsImxvZ2luX3R5cGUiOiJlbWFpbCIsImxvZ2luX3NvdXJjZSI6IjEwbWluc2Nob29sIiwibG9naW5fdGFyZ2V0IjoiIiwibG9naW5fYXMiOjAsIm5hbWUiOiJGcmFuY28iLCJpc19hY3RpdmUiOmZhbHNlLCJ2ZXJpZmllZCI6dHJ1ZSwiZGV2aWNlX2lkIjoiNjUxYmIxNzc1MjlmYTYwMTk3YzhhYWQzIiwiZGV2aWNlIjp7ImRldmljZV9pZCI6IjY1MWJiMTc3NTI5ZmE2MDE5N2M4YWFkMyIsImRldmljZV9uYW1lIjoiaXNoYWtodHRwICIsImRldmljZV90eXBlIjoiYnJvd3NlciIsImRldmljZV9vcyI6IiIsIm9yaWdpbiI6InVua25vd24iLCJpcF9hZGRyZXNzIjoiMTc1LjQxLjQ0LjEzMSJ9LCJ1c2VyX3N0YXR1cyI6IiIsImRhdGVfam9pbmVkIjoiMjAyMy0wOS0xMlQwODo1NTo1MC45MzFaIiwidG9rZW5fdHlwZSI6ImFjY2VzcyIsImV4cCI6MTY5NjM0MjUxOX0.XeaFoIQudqhd4gS_pUfd3UgMfKCSKEaYivIdNjHS0ro
Success Conversation API Response,201,111.197,650027971893a8dc72fec307,5622,eyJhbGciOiJIUzI1NiIsInR5cCI6IkpXVCJ9.eyJpZCI6IjY1MDAyNzk3MTg5M2E4ZGM3MmZlYzMwNyIsImlzX2FkbWluIjpmYWxzZSwiY29udGFjdCI6IiIsImVtYWlsIjoiY3lydXM3NUBob3RtYWlsLmNvbSIsImxvZ2luX3R5cGUiOiJlbWFpbCIsImxvZ2luX3NvdXJjZSI6IjEwbWluc2Nob29sIiwibG9naW5fdGFyZ2V0IjoiIiwibG9naW5fYXMiOjAsIm5hbWUiOiJSb2JiaWUiLCJpc19hY3RpdmUiOmZhbHNlLCJ2ZXJpZmllZCI6dHJ1ZSwiZGV2aWNlX2lkIjoiNjUxYmIxNzg1MjlmYTYwMTk3YzhhYWQ1IiwiZGV2aWNlIjp7ImRldmljZV9pZCI6IjY1MWJiMTc4NTI5ZmE2MDE5N2M4YWFkNSIsImRldmljZV9uYW1lIjoiaXNoYWtodHRwICIsImRldmljZV90eXBlIjoiYnJvd3NlciIsImRldmljZV9vcyI6IiIsIm9yaWdpbiI6InVua25vd24iLCJpcF9hZGRyZXNzIjoiMTc1LjQxLjQ0LjEzMSJ9LCJ1c2VyX3N0YXR1cyI6IiIsImRhdGVfam9pbmVkIjoiMjAyMy0wOS0xMlQwODo1NTo1MS4wMjdaIiwidG9rZW5fdHlwZSI6ImFjY2VzcyIsImV4cCI6MTY5NjM0MjUyMH0.JY7jg90SakMr4r5FSryZDYWDqolgQ3Kb436Iyz3Qt2Y
Success Conversation API Response,201,104.243,650027971893a8dc72fec317,5623,eyJhbGciOiJIUzI1NiIsInR5cCI6IkpXVCJ9.eyJpZCI6IjY1MDAyNzk3MTg5M2E4ZGM3MmZlYzMxNyIsImlzX2FkbWluIjpmYWxzZSwiY29udGFjdCI6IiIsImVtYWlsIjoicm9kZXJpY2s2QHlhaG9vLmNvbSIsImxvZ2luX3R5cGUiOiJlbWFpbCIsImxvZ2luX3NvdXJjZSI6IjEwbWluc2Nob29sIiwibG9naW5fdGFyZ2V0IjoiIiwibG9naW5fYXMiOjAsIm5hbWUiOiJHaW5vIiwiaXNfYWN0aXZlIjpmYWxzZSwidmVyaWZpZWQiOnRydWUsImRldmljZV9pZCI6IjY1MWJiMTc4NTI5ZmE2MDE5N2M4YWFkNyIsImRldmljZSI6eyJkZXZpY2VfaWQiOiI2NTFiYjE3ODUyOWZhNjAxOTdjOGFhZDciLCJkZXZpY2VfbmFtZSI6ImlzaGFraHR0cCAiLCJkZXZpY2VfdHlwZSI6ImJyb3dzZXIiLCJkZXZpY2Vfb3MiOiIiLCJvcmlnaW4iOiJ1bmtub3duIiwiaXBfYWRkcmVzcyI6IjE3NS40MS40NC4xMzEifSwidXNlcl9zdGF0dXMiOiIiLCJkYXRlX2pvaW5lZCI6IjIwMjMtMDktMTJUMDg6NTU6NTEuMTM4WiIsInRva2VuX3R5cGUiOiJhY2Nlc3MiLCJleHAiOjE2OTYzNDI1MjB9.cg4eh3sDJMUhfg3hHuwGTpO2dbqx50MwbIMfQoGKGWg
Success Conversation API Response,201,110.993,650027971893a8dc72fec308,5624,eyJhbGciOiJIUzI1NiIsInR5cCI6IkpXVCJ9.eyJpZCI6IjY1MDAyNzk3MTg5M2E4ZGM3MmZlYzMwOCIsImlzX2FkbWluIjpmYWxzZSwiY29udGFjdCI6IiIsImVtYWlsIjoiYW5uaWU3OUBob3RtYWlsLmNvbSIsImxvZ2luX3R5cGUiOiJlbWFpbCIsImxvZ2luX3NvdXJjZSI6IjEwbWluc2Nob29sIiwibG9naW5fdGFyZ2V0IjoiIiwibG9naW5fYXMiOjAsIm5hbWUiOiJTYXVsIiwiaXNfYWN0aXZlIjpmYWxzZSwidmVyaWZpZWQiOnRydWUsImRldmljZV9pZCI6IjY1MWJiMTc4NTI5ZmE2MDE5N2M4YWFkOSIsImRldmljZSI6eyJkZXZpY2VfaWQiOiI2NTFiYjE3ODUyOWZhNjAxOTdjOGFhZDkiLCJkZXZpY2VfbmFtZSI6ImlzaGFraHR0cCAiLCJkZXZpY2VfdHlwZSI6ImJyb3dzZXIiLCJkZXZpY2Vfb3MiOiIiLCJvcmlnaW4iOiJ1bmtub3duIiwiaXBfYWRkcmVzcyI6IjE3NS40MS40NC4xMzEifSwidXNlcl9zdGF0dXMiOiIiLCJkYXRlX2pvaW5lZCI6IjIwMjMtMDktMTJUMDg6NTU6NTEuMDI4WiIsInRva2VuX3R5cGUiOiJhY2Nlc3MiLCJleHAiOjE2OTYzNDI1MjB9.Oyz60sdNpWYmofCsRdf14Lh_hQVAmE4TIKG1ztfgRjs
Success Conversation API Response,201,116.983,650027971893a8dc72fec316,5625,eyJhbGciOiJIUzI1NiIsInR5cCI6IkpXVCJ9.eyJpZCI6IjY1MDAyNzk3MTg5M2E4ZGM3MmZlYzMxNiIsImlzX2FkbWluIjpmYWxzZSwiY29udGFjdCI6IiIsImVtYWlsIjoib3JpZTgxQHlhaG9vLmNvbSIsImxvZ2luX3R5cGUiOiJlbWFpbCIsImxvZ2luX3NvdXJjZSI6IjEwbWluc2Nob29sIiwibG9naW5fdGFyZ2V0IjoiIiwibG9naW5fYXMiOjAsIm5hbWUiOiJFbGVub3IiLCJpc19hY3RpdmUiOmZhbHNlLCJ2ZXJpZmllZCI6dHJ1ZSwiZGV2aWNlX2lkIjoiNjUxYmIxNzk1MjlmYTYwMTk3YzhhYWRiIiwiZGV2aWNlIjp7ImRldmljZV9pZCI6IjY1MWJiMTc5NTI5ZmE2MDE5N2M4YWFkYiIsImRldmljZV9uYW1lIjoiaXNoYWtodHRwICIsImRldmljZV90eXBlIjoiYnJvd3NlciIsImRldmljZV9vcyI6IiIsIm9yaWdpbiI6InVua25vd24iLCJpcF9hZGRyZXNzIjoiMTc1LjQxLjQ0LjEzMSJ9LCJ1c2VyX3N0YXR1cyI6IiIsImRhdGVfam9pbmVkIjoiMjAyMy0wOS0xMlQwODo1NTo1MS4xMzRaIiwidG9rZW5fdHlwZSI6ImFjY2VzcyIsImV4cCI6MTY5NjM0MjUyMX0.aCV3HCWbQPLFkihnvl_xc7yiAUUP6O3ID4WraDV81Sw
Success Conversation API Response,201,107.891,650027971893a8dc72fec315,5626,eyJhbGciOiJIUzI1NiIsInR5cCI6IkpXVCJ9.eyJpZCI6IjY1MDAyNzk3MTg5M2E4ZGM3MmZlYzMxNSIsImlzX2FkbWluIjpmYWxzZSwiY29udGFjdCI6IiIsImVtYWlsIjoicmFmYWVsYTgxQGdtYWlsLmNvbSIsImxvZ2luX3R5cGUiOiJlbWFpbCIsImxvZ2luX3NvdXJjZSI6IjEwbWluc2Nob29sIiwibG9naW5fdGFyZ2V0IjoiIiwibG9naW5fYXMiOjAsIm5hbWUiOiJDbGF1ZGUiLCJpc19hY3RpdmUiOmZhbHNlLCJ2ZXJpZmllZCI6dHJ1ZSwiZGV2aWNlX2lkIjoiNjUxYmIxNzk1MjlmYTYwMTk3YzhhYWRkIiwiZGV2aWNlIjp7ImRldmljZV9pZCI6IjY1MWJiMTc5NTI5ZmE2MDE5N2M4YWFkZCIsImRldmljZV9uYW1lIjoiaXNoYWtodHRwICIsImRldmljZV90eXBlIjoiYnJvd3NlciIsImRldmljZV9vcyI6IiIsIm9yaWdpbiI6InVua25vd24iLCJpcF9hZGRyZXNzIjoiMTc1LjQxLjQ0LjEzMSJ9LCJ1c2VyX3N0YXR1cyI6IiIsImRhdGVfam9pbmVkIjoiMjAyMy0wOS0xMlQwODo1NTo1MS4xMjdaIiwidG9rZW5fdHlwZSI6ImFjY2VzcyIsImV4cCI6MTY5NjM0MjUyMX0.Tt0Mj1MPXXX6cVYrzbkxLQVx1Jj30BAtJjWmkUAZIfc
Success Conversation API Response,201,107.353,650027971893a8dc72fec31d,5627,eyJhbGciOiJIUzI1NiIsInR5cCI6IkpXVCJ9.eyJpZCI6IjY1MDAyNzk3MTg5M2E4ZGM3MmZlYzMxZCIsImlzX2FkbWluIjpmYWxzZSwiY29udGFjdCI6IiIsImVtYWlsIjoic3RlZmFuX2tvemV5NjZAZ21haWwuY29tIiwibG9naW5fdHlwZSI6ImVtYWlsIiwibG9naW5fc291cmNlIjoiMTBtaW5zY2hvb2wiLCJsb2dpbl90YXJnZXQiOiIiLCJsb2dpbl9hcyI6MCwibmFtZSI6IkhlcnRoYSIsImlzX2FjdGl2ZSI6ZmFsc2UsInZlcmlmaWVkIjp0cnVlLCJkZXZpY2VfaWQiOiI2NTFiYjE3OTUyOWZhNjAxOTdjOGFhZGYiLCJkZXZpY2UiOnsiZGV2aWNlX2lkIjoiNjUxYmIxNzk1MjlmYTYwMTk3YzhhYWRmIiwiZGV2aWNlX25hbWUiOiJpc2hha2h0dHAgIiwiZGV2aWNlX3R5cGUiOiJicm93c2VyIiwiZGV2aWNlX29zIjoiIiwib3JpZ2luIjoidW5rbm93biIsImlwX2FkZHJlc3MiOiIxNzUuNDEuNDQuMTMxIn0sInVzZXJfc3RhdHVzIjoiIiwiZGF0ZV9qb2luZWQiOiIyMDIzLTA5LTEyVDA4OjU1OjUxLjIyOFoiLCJ0b2tlbl90eXBlIjoiYWNjZXNzIiwiZXhwIjoxNjk2MzQyNTIxfQ.ekoL07MSfakvrqDr_PRikyMK5iCE_hR7VjxPRhfeQzU
Success Conversation API Response,201,117.926,650027971893a8dc72fec31c,5628,eyJhbGciOiJIUzI1NiIsInR5cCI6IkpXVCJ9.eyJpZCI6IjY1MDAyNzk3MTg5M2E4ZGM3MmZlYzMxYyIsImlzX2FkbWluIjpmYWxzZSwiY29udGFjdCI6IiIsImVtYWlsIjoiYXVndXN0YV92b2xrbWFuODZAaG90bWFpbC5jb20iLCJsb2dpbl90eXBlIjoiZW1haWwiLCJsb2dpbl9zb3VyY2UiOiIxMG1pbnNjaG9vbCIsImxvZ2luX3RhcmdldCI6IiIsImxvZ2luX2FzIjowLCJuYW1lIjoiS2FyaSIsImlzX2FjdGl2ZSI6ZmFsc2UsInZlcmlmaWVkIjp0cnVlLCJkZXZpY2VfaWQiOiI2NTFiYjE3OTUyOWZhNjAxOTdjOGFhZTEiLCJkZXZpY2UiOnsiZGV2aWNlX2lkIjoiNjUxYmIxNzk1MjlmYTYwMTk3YzhhYWUxIiwiZGV2aWNlX25hbWUiOiJpc2hha2h0dHAgIiwiZGV2aWNlX3R5cGUiOiJicm93c2VyIiwiZGV2aWNlX29zIjoiIiwib3JpZ2luIjoidW5rbm93biIsImlwX2FkZHJlc3MiOiIxNzUuNDEuNDQuMTMxIn0sInVzZXJfc3RhdHVzIjoiIiwiZGF0ZV9qb2luZWQiOiIyMDIzLTA5LTEyVDA4OjU1OjUxLjIyN1oiLCJ0b2tlbl90eXBlIjoiYWNjZXNzIiwiZXhwIjoxNjk2MzQyNTIxfQ.pzYZd876lF5TYOfjvzQBEJnFLP1hFimfOmP3y7xAtuM
Success Conversation API Response,201,109.761,650027971893a8dc72fec326,5629,eyJhbGciOiJIUzI1NiIsInR5cCI6IkpXVCJ9.eyJpZCI6IjY1MDAyNzk3MTg5M2E4ZGM3MmZlYzMyNiIsImlzX2FkbWluIjpmYWxzZSwiY29udGFjdCI6IiIsImVtYWlsIjoibGF2YWRhX3N3YW5pYXdza2kyMEBnbWFpbC5jb20iLCJsb2dpbl90eXBlIjoiZW1haWwiLCJsb2dpbl9zb3VyY2UiOiIxMG1pbnNjaG9vbCIsImxvZ2luX3RhcmdldCI6IiIsImxvZ2luX2FzIjowLCJuYW1lIjoiRGF2b250ZSIsImlzX2FjdGl2ZSI6ZmFsc2UsInZlcmlmaWVkIjp0cnVlLCJkZXZpY2VfaWQiOiI2NTFiYjE3YTUyOWZhNjAxOTdjOGFhZTMiLCJkZXZpY2UiOnsiZGV2aWNlX2lkIjoiNjUxYmIxN2E1MjlmYTYwMTk3YzhhYWUzIiwiZGV2aWNlX25hbWUiOiJpc2hha2h0dHAgIiwiZGV2aWNlX3R5cGUiOiJicm93c2VyIiwiZGV2aWNlX29zIjoiIiwib3JpZ2luIjoidW5rbm93biIsImlwX2FkZHJlc3MiOiIxNzUuNDEuNDQuMTMxIn0sInVzZXJfc3RhdHVzIjoiIiwiZGF0ZV9qb2luZWQiOiIyMDIzLTA5LTEyVDA4OjU1OjUxLjUzMloiLCJ0b2tlbl90eXBlIjoiYWNjZXNzIiwiZXhwIjoxNjk2MzQyNTIyfQ.y2Ow1gNPJNuHZHotVr21xXSS_FYDrPYPlimYzfrmBrY
Success Conversation API Response,201,109.354,650027971893a8dc72fec31e,5630,eyJhbGciOiJIUzI1NiIsInR5cCI6IkpXVCJ9.eyJpZCI6IjY1MDAyNzk3MTg5M2E4ZGM3MmZlYzMxZSIsImlzX2FkbWluIjpmYWxzZSwiY29udGFjdCI6IiIsImVtYWlsIjoibWFyc2hhbGw0NkB5YWhvby5jb20iLCJsb2dpbl90eXBlIjoiZW1haWwiLCJsb2dpbl9zb3VyY2UiOiIxMG1pbnNjaG9vbCIsImxvZ2luX3RhcmdldCI6IiIsImxvZ2luX2FzIjowLCJuYW1lIjoiS2F5IiwiaXNfYWN0aXZlIjpmYWxzZSwidmVyaWZpZWQiOnRydWUsImRldmljZV9pZCI6IjY1MWJiMTdhNTI5ZmE2MDE5N2M4YWFlNSIsImRldmljZSI6eyJkZXZpY2VfaWQiOiI2NTFiYjE3YTUyOWZhNjAxOTdjOGFhZTUiLCJkZXZpY2VfbmFtZSI6ImlzaGFraHR0cCAiLCJkZXZpY2VfdHlwZSI6ImJyb3dzZXIiLCJkZXZpY2Vfb3MiOiIiLCJvcmlnaW4iOiJ1bmtub3duIiwiaXBfYWRkcmVzcyI6IjE3NS40MS40NC4xMzEifSwidXNlcl9zdGF0dXMiOiIiLCJkYXRlX2pvaW5lZCI6IjIwMjMtMDktMTJUMDg6NTU6NTEuMjM0WiIsInRva2VuX3R5cGUiOiJhY2Nlc3MiLCJleHAiOjE2OTYzNDI1MjJ9.3ipWC7K4frqadbpBbCXRU7KoxaGl9lroH_h1JPyPzUs
Success Conversation API Response,201,112.176,650027971893a8dc72fec327,5631,eyJhbGciOiJIUzI1NiIsInR5cCI6IkpXVCJ9.eyJpZCI6IjY1MDAyNzk3MTg5M2E4ZGM3MmZlYzMyNyIsImlzX2FkbWluIjpmYWxzZSwiY29udGFjdCI6IiIsImVtYWlsIjoiYWx5c3Nvbl9zdHJvc2luNzZAeWFob28uY29tIiwibG9naW5fdHlwZSI6ImVtYWlsIiwibG9naW5fc291cmNlIjoiMTBtaW5zY2hvb2wiLCJsb2dpbl90YXJnZXQiOiIiLCJsb2dpbl9hcyI6MCwibmFtZSI6IkdpbGxpYW4iLCJpc19hY3RpdmUiOmZhbHNlLCJ2ZXJpZmllZCI6dHJ1ZSwiZGV2aWNlX2lkIjoiNjUxYmIxN2E1MjlmYTYwMTk3YzhhYWU3IiwiZGV2aWNlIjp7ImRldmljZV9pZCI6IjY1MWJiMTdhNTI5ZmE2MDE5N2M4YWFlNyIsImRldmljZV9uYW1lIjoiaXNoYWtodHRwICIsImRldmljZV90eXBlIjoiYnJvd3NlciIsImRldmljZV9vcyI6IiIsIm9yaWdpbiI6InVua25vd24iLCJpcF9hZGRyZXNzIjoiMTc1LjQxLjQ0LjEzMSJ9LCJ1c2VyX3N0YXR1cyI6IiIsImRhdGVfam9pbmVkIjoiMjAyMy0wOS0xMlQwODo1NTo1MS41MzJaIiwidG9rZW5fdHlwZSI6ImFjY2VzcyIsImV4cCI6MTY5NjM0MjUyMn0.KwyfZ4qsTBsrKAZse_lpxaOCJCCyIjhY-yLgqYIHS_M
Success Conversation API Response,201,103.213,650027971893a8dc72fec325,5632,eyJhbGciOiJIUzI1NiIsInR5cCI6IkpXVCJ9.eyJpZCI6IjY1MDAyNzk3MTg5M2E4ZGM3MmZlYzMyNSIsImlzX2FkbWluIjpmYWxzZSwiY29udGFjdCI6IiIsImVtYWlsIjoiYWx5c29uOTdAaG90bWFpbC5jb20iLCJsb2dpbl90eXBlIjoiZW1haWwiLCJsb2dpbl9zb3VyY2UiOiIxMG1pbnNjaG9vbCIsImxvZ2luX3RhcmdldCI6IiIsImxvZ2luX2FzIjowLCJuYW1lIjoiVGllcnJhIiwiaXNfYWN0aXZlIjpmYWxzZSwidmVyaWZpZWQiOnRydWUsImRldmljZV9pZCI6IjY1MWJiMTdhNTI5ZmE2MDE5N2M4YWFlOSIsImRldmljZSI6eyJkZXZpY2VfaWQiOiI2NTFiYjE3YTUyOWZhNjAxOTdjOGFhZTkiLCJkZXZpY2VfbmFtZSI6ImlzaGFraHR0cCAiLCJkZXZpY2VfdHlwZSI6ImJyb3dzZXIiLCJkZXZpY2Vfb3MiOiIiLCJvcmlnaW4iOiJ1bmtub3duIiwiaXBfYWRkcmVzcyI6IjE3NS40MS40NC4xMzEifSwidXNlcl9zdGF0dXMiOiIiLCJkYXRlX2pvaW5lZCI6IjIwMjMtMDktMTJUMDg6NTU6NTEuNTMyWiIsInRva2VuX3R5cGUiOiJhY2Nlc3MiLCJleHAiOjE2OTYzNDI1MjJ9.LOJrLZhEFjbuIQHcd2BZN3PFsOoBqnhL1C6mRyIfUTs
Success Conversation API Response,201,99.375,650027971893a8dc72fec32f,5633,eyJhbGciOiJIUzI1NiIsInR5cCI6IkpXVCJ9.eyJpZCI6IjY1MDAyNzk3MTg5M2E4ZGM3MmZlYzMyZiIsImlzX2FkbWluIjpmYWxzZSwiY29udGFjdCI6IiIsImVtYWlsIjoic2hhbmFfY29sZUBnbWFpbC5jb20iLCJsb2dpbl90eXBlIjoiZW1haWwiLCJsb2dpbl9zb3VyY2UiOiIxMG1pbnNjaG9vbCIsImxvZ2luX3RhcmdldCI6IiIsImxvZ2luX2FzIjowLCJuYW1lIjoiTWF4aW1pbGxpYW4iLCJpc19hY3RpdmUiOmZhbHNlLCJ2ZXJpZmllZCI6dHJ1ZSwiZGV2aWNlX2lkIjoiNjUxYmIxN2I1MjlmYTYwMTk3YzhhYWViIiwiZGV2aWNlIjp7ImRldmljZV9pZCI6IjY1MWJiMTdiNTI5ZmE2MDE5N2M4YWFlYiIsImRldmljZV9uYW1lIjoiaXNoYWtodHRwICIsImRldmljZV90eXBlIjoiYnJvd3NlciIsImRldmljZV9vcyI6IiIsIm9yaWdpbiI6InVua25vd24iLCJpcF9hZGRyZXNzIjoiMTc1LjQxLjQ0LjEzMSJ9LCJ1c2VyX3N0YXR1cyI6IiIsImRhdGVfam9pbmVkIjoiMjAyMy0wOS0xMlQwODo1NTo1MS43MzNaIiwidG9rZW5fdHlwZSI6ImFjY2VzcyIsImV4cCI6MTY5NjM0MjUyM30.iZzbP9Dhi6hooOFRl6Yk-YV72z7eoLMlktsCTHWAdkU
Success Conversation API Response,201,108.795,650027971893a8dc72fec335,5634,eyJhbGciOiJIUzI1NiIsInR5cCI6IkpXVCJ9.eyJpZCI6IjY1MDAyNzk3MTg5M2E4ZGM3MmZlYzMzNSIsImlzX2FkbWluIjpmYWxzZSwiY29udGFjdCI6IiIsImVtYWlsIjoiY29vcGVyX3J5YW42N0BnbWFpbC5jb20iLCJsb2dpbl90eXBlIjoiZW1haWwiLCJsb2dpbl9zb3VyY2UiOiIxMG1pbnNjaG9vbCIsImxvZ2luX3RhcmdldCI6IiIsImxvZ2luX2FzIjowLCJuYW1lIjoiSmFzb24iLCJpc19hY3RpdmUiOmZhbHNlLCJ2ZXJpZmllZCI6dHJ1ZSwiZGV2aWNlX2lkIjoiNjUxYmIxN2I1MjlmYTYwMTk3YzhhYWVkIiwiZGV2aWNlIjp7ImRldmljZV9pZCI6IjY1MWJiMTdiNTI5ZmE2MDE5N2M4YWFlZCIsImRldmljZV9uYW1lIjoiaXNoYWtodHRwICIsImRldmljZV90eXBlIjoiYnJvd3NlciIsImRldmljZV9vcyI6IiIsIm9yaWdpbiI6InVua25vd24iLCJpcF9hZGRyZXNzIjoiMTc1LjQxLjQ0LjEzMSJ9LCJ1c2VyX3N0YXR1cyI6IiIsImRhdGVfam9pbmVkIjoiMjAyMy0wOS0xMlQwODo1NTo1MS45MzNaIiwidG9rZW5fdHlwZSI6ImFjY2VzcyIsImV4cCI6MTY5NjM0MjUyM30.aNE8SgI5weQpc2971a8YLNoB27Qlh5X9XxMDbaR1ji8
Success Conversation API Response,201,98.995,650027971893a8dc72fec32e,5635,eyJhbGciOiJIUzI1NiIsInR5cCI6IkpXVCJ9.eyJpZCI6IjY1MDAyNzk3MTg5M2E4ZGM3MmZlYzMyZSIsImlzX2FkbWluIjpmYWxzZSwiY29udGFjdCI6IiIsImVtYWlsIjoiY3Jpc3RhbDY1QGhvdG1haWwuY29tIiwibG9naW5fdHlwZSI6ImVtYWlsIiwibG9naW5fc291cmNlIjoiMTBtaW5zY2hvb2wiLCJsb2dpbl90YXJnZXQiOiIiLCJsb2dpbl9hcyI6MCwibmFtZSI6IkNhdGhhcmluZSIsImlzX2FjdGl2ZSI6ZmFsc2UsInZlcmlmaWVkIjp0cnVlLCJkZXZpY2VfaWQiOiI2NTFiYjE3YjUyOWZhNjAxOTdjOGFhZWYiLCJkZXZpY2UiOnsiZGV2aWNlX2lkIjoiNjUxYmIxN2I1MjlmYTYwMTk3YzhhYWVmIiwiZGV2aWNlX25hbWUiOiJpc2hha2h0dHAgIiwiZGV2aWNlX3R5cGUiOiJicm93c2VyIiwiZGV2aWNlX29zIjoiIiwib3JpZ2luIjoidW5rbm93biIsImlwX2FkZHJlc3MiOiIxNzUuNDEuNDQuMTMxIn0sInVzZXJfc3RhdHVzIjoiIiwiZGF0ZV9qb2luZWQiOiIyMDIzLTA5LTEyVDA4OjU1OjUxLjczM1oiLCJ0b2tlbl90eXBlIjoiYWNjZXNzIiwiZXhwIjoxNjk2MzQyNTIzfQ.Wre71S6rQHw-29muX8vlFmYiQeu0ePX_dsaUVnvD6HM
Success Conversation API Response,201,139.967,650027971893a8dc72fec337,5636,eyJhbGciOiJIUzI1NiIsInR5cCI6IkpXVCJ9.eyJpZCI6IjY1MDAyNzk3MTg5M2E4ZGM3MmZlYzMzNyIsImlzX2FkbWluIjpmYWxzZSwiY29udGFjdCI6IiIsImVtYWlsIjoibWlrYXlsYTczQGhvdG1haWwuY29tIiwibG9naW5fdHlwZSI6ImVtYWlsIiwibG9naW5fc291cmNlIjoiMTBtaW5zY2hvb2wiLCJsb2dpbl90YXJnZXQiOiIiLCJsb2dpbl9hcyI6MCwibmFtZSI6IlZlbGRhIiwiaXNfYWN0aXZlIjpmYWxzZSwidmVyaWZpZWQiOnRydWUsImRldmljZV9pZCI6IjY1MWJiMTdjNTI5ZmE2MDE5N2M4YWFmMSIsImRldmljZSI6eyJkZXZpY2VfaWQiOiI2NTFiYjE3YzUyOWZhNjAxOTdjOGFhZjEiLCJkZXZpY2VfbmFtZSI6ImlzaGFraHR0cCAiLCJkZXZpY2VfdHlwZSI6ImJyb3dzZXIiLCJkZXZpY2Vfb3MiOiIiLCJvcmlnaW4iOiJ1bmtub3duIiwiaXBfYWRkcmVzcyI6IjE3NS40MS40NC4xMzEifSwidXNlcl9zdGF0dXMiOiIiLCJkYXRlX2pvaW5lZCI6IjIwMjMtMDktMTJUMDg6NTU6NTEuOTMzWiIsInRva2VuX3R5cGUiOiJhY2Nlc3MiLCJleHAiOjE2OTYzNDI1MjR9.bqTyyTYUSTbsUTvFu0P2tsMniedPSPcUb_LmcsgvqO4
Success Conversation API Response,201,530.128,650027981893a8dc72fec33f,5637,eyJhbGciOiJIUzI1NiIsInR5cCI6IkpXVCJ9.eyJpZCI6IjY1MDAyNzk4MTg5M2E4ZGM3MmZlYzMzZiIsImlzX2FkbWluIjpmYWxzZSwiY29udGFjdCI6IiIsImVtYWlsIjoiYWxseV9icmFkdGtlQHlhaG9vLmNvbSIsImxvZ2luX3R5cGUiOiJlbWFpbCIsImxvZ2luX3NvdXJjZSI6IjEwbWluc2Nob29sIiwibG9naW5fdGFyZ2V0IjoiIiwibG9naW5fYXMiOjAsIm5hbWUiOiJNYXJpYW4iLCJpc19hY3RpdmUiOmZhbHNlLCJ2ZXJpZmllZCI6dHJ1ZSwiZGV2aWNlX2lkIjoiNjUxYmIxN2M1MjlmYTYwMTk3YzhhYWYzIiwiZGV2aWNlIjp7ImRldmljZV9pZCI6IjY1MWJiMTdjNTI5ZmE2MDE5N2M4YWFmMyIsImRldmljZV9uYW1lIjoiaXNoYWtodHRwICIsImRldmljZV90eXBlIjoiYnJvd3NlciIsImRldmljZV9vcyI6IiIsIm9yaWdpbiI6InVua25vd24iLCJpcF9hZGRyZXNzIjoiMTc1LjQxLjQ0LjEzMSJ9LCJ1c2VyX3N0YXR1cyI6IiIsImRhdGVfam9pbmVkIjoiMjAyMy0wOS0xMlQwODo1NTo1Mi4xM1oiLCJ0b2tlbl90eXBlIjoiYWNjZXNzIiwiZXhwIjoxNjk2MzQyNTI0fQ.Ko79rew9BDWuT6kJgB7C09qxzd2FeEvqzoLdL3qcEKQ
Success Conversation API Response,201,301.64,650027981893a8dc72fec33e,5638,eyJhbGciOiJIUzI1NiIsInR5cCI6IkpXVCJ9.eyJpZCI6IjY1MDAyNzk4MTg5M2E4ZGM3MmZlYzMzZSIsImlzX2FkbWluIjpmYWxzZSwiY29udGFjdCI6IiIsImVtYWlsIjoiYXJ5YW5uYV9vc2luc2tpM0B5YWhvby5jb20iLCJsb2dpbl90eXBlIjoiZW1haWwiLCJsb2dpbl9zb3VyY2UiOiIxMG1pbnNjaG9vbCIsImxvZ2luX3RhcmdldCI6IiIsImxvZ2luX2FzIjowLCJuYW1lIjoiQ2hhc2l0eSIsImlzX2FjdGl2ZSI6ZmFsc2UsInZlcmlmaWVkIjp0cnVlLCJkZXZpY2VfaWQiOiI2NTFiYjE3YzUyOWZhNjAxOTdjOGFhZjUiLCJkZXZpY2UiOnsiZGV2aWNlX2lkIjoiNjUxYmIxN2M1MjlmYTYwMTk3YzhhYWY1IiwiZGV2aWNlX25hbWUiOiJpc2hha2h0dHAgIiwiZGV2aWNlX3R5cGUiOiJicm93c2VyIiwiZGV2aWNlX29zIjoiIiwib3JpZ2luIjoidW5rbm93biIsImlwX2FkZHJlc3MiOiIxNzUuNDEuNDQuMTMxIn0sInVzZXJfc3RhdHVzIjoiIiwiZGF0ZV9qb2luZWQiOiIyMDIzLTA5LTEyVDA4OjU1OjUyLjEyOVoiLCJ0b2tlbl90eXBlIjoiYWNjZXNzIiwiZXhwIjoxNjk2MzQyNTI0fQ.obMwgA4xvhCDY8gIb7x66ZRtmNVlh3PS2U87_kdKR4w
Success Conversation API Response,201,106.087,650027981893a8dc72fec340,5639,eyJhbGciOiJIUzI1NiIsInR5cCI6IkpXVCJ9.eyJpZCI6IjY1MDAyNzk4MTg5M2E4ZGM3MmZlYzM0MCIsImlzX2FkbWluIjpmYWxzZSwiY29udGFjdCI6IiIsImVtYWlsIjoiaXNvYmVsNzVAaG90bWFpbC5jb20iLCJsb2dpbl90eXBlIjoiZW1haWwiLCJsb2dpbl9zb3VyY2UiOiIxMG1pbnNjaG9vbCIsImxvZ2luX3RhcmdldCI6IiIsImxvZ2luX2FzIjowLCJuYW1lIjoiUmVpbGx5IiwiaXNfYWN0aXZlIjpmYWxzZSwidmVyaWZpZWQiOnRydWUsImRldmljZV9pZCI6IjY1MWJiMTdjNTI5ZmE2MDE5N2M4YWFmNyIsImRldmljZSI6eyJkZXZpY2VfaWQiOiI2NTFiYjE3YzUyOWZhNjAxOTdjOGFhZjciLCJkZXZpY2VfbmFtZSI6ImlzaGFraHR0cCAiLCJkZXZpY2VfdHlwZSI6ImJyb3dzZXIiLCJkZXZpY2Vfb3MiOiIiLCJvcmlnaW4iOiJ1bmtub3duIiwiaXBfYWRkcmVzcyI6IjE3NS40MS40NC4xMzEifSwidXNlcl9zdGF0dXMiOiIiLCJkYXRlX2pvaW5lZCI6IjIwMjMtMDktMTJUMDg6NTU6NTIuMTMyWiIsInRva2VuX3R5cGUiOiJhY2Nlc3MiLCJleHAiOjE2OTYzNDI1MjR9.WOj6JYSLp3swlsajRlYwrnW1n8BG0EdygnfTO_W31JU
Success Conversation API Response,201,113.027,650027981893a8dc72fec33d,5640,eyJhbGciOiJIUzI1NiIsInR5cCI6IkpXVCJ9.eyJpZCI6IjY1MDAyNzk4MTg5M2E4ZGM3MmZlYzMzZCIsImlzX2FkbWluIjpmYWxzZSwiY29udGFjdCI6IiIsImVtYWlsIjoibWFyaWJlbDk2QGhvdG1haWwuY29tIiwibG9naW5fdHlwZSI6ImVtYWlsIiwibG9naW5fc291cmNlIjoiMTBtaW5zY2hvb2wiLCJsb2dpbl90YXJnZXQiOiIiLCJsb2dpbl9hcyI6MCwibmFtZSI6IkJyYXVsaW8iLCJpc19hY3RpdmUiOmZhbHNlLCJ2ZXJpZmllZCI6dHJ1ZSwiZGV2aWNlX2lkIjoiNjUxYmIxN2Q1MjlmYTYwMTk3YzhhYWY5IiwiZGV2aWNlIjp7ImRldmljZV9pZCI6IjY1MWJiMTdkNTI5ZmE2MDE5N2M4YWFmOSIsImRldmljZV9uYW1lIjoiaXNoYWtodHRwICIsImRldmljZV90eXBlIjoiYnJvd3NlciIsImRldmljZV9vcyI6IiIsIm9yaWdpbiI6InVua25vd24iLCJpcF9hZGRyZXNzIjoiMTc1LjQxLjQ0LjEzMSJ9LCJ1c2VyX3N0YXR1cyI6IiIsImRhdGVfam9pbmVkIjoiMjAyMy0wOS0xMlQwODo1NTo1Mi4xMjlaIiwidG9rZW5fdHlwZSI6ImFjY2VzcyIsImV4cCI6MTY5NjM0MjUyNX0.AfC1aegYZwGJqioi0LvGBr63gA5T7I1W_8H8ka-zhfI
Success Conversation API Response,201,115.55,650027981893a8dc72fec341,5641,eyJhbGciOiJIUzI1NiIsInR5cCI6IkpXVCJ9.eyJpZCI6IjY1MDAyNzk4MTg5M2E4ZGM3MmZlYzM0MSIsImlzX2FkbWluIjpmYWxzZSwiY29udGFjdCI6IiIsImVtYWlsIjoiYW5kcmVzX2R1cmdhbjhAaG90bWFpbC5jb20iLCJsb2dpbl90eXBlIjoiZW1haWwiLCJsb2dpbl9zb3VyY2UiOiIxMG1pbnNjaG9vbCIsImxvZ2luX3RhcmdldCI6IiIsImxvZ2luX2FzIjowLCJuYW1lIjoiSmFuYWUiLCJpc19hY3RpdmUiOmZhbHNlLCJ2ZXJpZmllZCI6dHJ1ZSwiZGV2aWNlX2lkIjoiNjUxYmIxN2Q1MjlmYTYwMTk3YzhhYWZiIiwiZGV2aWNlIjp7ImRldmljZV9pZCI6IjY1MWJiMTdkNTI5ZmE2MDE5N2M4YWFmYiIsImRldmljZV9uYW1lIjoiaXNoYWtodHRwICIsImRldmljZV90eXBlIjoiYnJvd3NlciIsImRldmljZV9vcyI6IiIsIm9yaWdpbiI6InVua25vd24iLCJpcF9hZGRyZXNzIjoiMTc1LjQxLjQ0LjEzMSJ9LCJ1c2VyX3N0YXR1cyI6IiIsImRhdGVfam9pbmVkIjoiMjAyMy0wOS0xMlQwODo1NTo1Mi4xMzNaIiwidG9rZW5fdHlwZSI6ImFjY2VzcyIsImV4cCI6MTY5NjM0MjUyNX0.P8Dv_9agliC-JLgXNMq27bZVvOc3Mc1UTWG0x15Ab6M
Success Conversation API Response,201,106.38,650027981893a8dc72fec33c,5642,eyJhbGciOiJIUzI1NiIsInR5cCI6IkpXVCJ9.eyJpZCI6IjY1MDAyNzk4MTg5M2E4ZGM3MmZlYzMzYyIsImlzX2FkbWluIjpmYWxzZSwiY29udGFjdCI6IiIsImVtYWlsIjoiZ2xhZHlzX21vc2Npc2tpQHlhaG9vLmNvbSIsImxvZ2luX3R5cGUiOiJlbWFpbCIsImxvZ2luX3NvdXJjZSI6IjEwbWluc2Nob29sIiwibG9naW5fdGFyZ2V0IjoiIiwibG9naW5fYXMiOjAsIm5hbWUiOiJBbml0YSIsImlzX2FjdGl2ZSI6ZmFsc2UsInZlcmlmaWVkIjp0cnVlLCJkZXZpY2VfaWQiOiI2NTFiYjE3ZDUyOWZhNjAxOTdjOGFhZmQiLCJkZXZpY2UiOnsiZGV2aWNlX2lkIjoiNjUxYmIxN2Q1MjlmYTYwMTk3YzhhYWZkIiwiZGV2aWNlX25hbWUiOiJpc2hha2h0dHAgIiwiZGV2aWNlX3R5cGUiOiJicm93c2VyIiwiZGV2aWNlX29zIjoiIiwib3JpZ2luIjoidW5rbm93biIsImlwX2FkZHJlc3MiOiIxNzUuNDEuNDQuMTMxIn0sInVzZXJfc3RhdHVzIjoiIiwiZGF0ZV9qb2luZWQiOiIyMDIzLTA5LTEyVDA4OjU1OjUyLjEyOFoiLCJ0b2tlbl90eXBlIjoiYWNjZXNzIiwiZXhwIjoxNjk2MzQyNTI1fQ.3adUlu9TupFwVkHGYQY8ZGYaNVfIkTmh5Eq3ZSFZZ8M
Success Conversation API Response,201,120.05,650027981893a8dc72fec34d,5643,eyJhbGciOiJIUzI1NiIsInR5cCI6IkpXVCJ9.eyJpZCI6IjY1MDAyNzk4MTg5M2E4ZGM3MmZlYzM0ZCIsImlzX2FkbWluIjpmYWxzZSwiY29udGFjdCI6IiIsImVtYWlsIjoiY29keTBAeWFob28uY29tIiwibG9naW5fdHlwZSI6ImVtYWlsIiwibG9naW5fc291cmNlIjoiMTBtaW5zY2hvb2wiLCJsb2dpbl90YXJnZXQiOiIiLCJsb2dpbl9hcyI6MCwibmFtZSI6IklnbmFjaW8iLCJpc19hY3RpdmUiOmZhbHNlLCJ2ZXJpZmllZCI6dHJ1ZSwiZGV2aWNlX2lkIjoiNjUxYmIxN2Q1MjlmYTYwMTk3YzhhYWZmIiwiZGV2aWNlIjp7ImRldmljZV9pZCI6IjY1MWJiMTdkNTI5ZmE2MDE5N2M4YWFmZiIsImRldmljZV9uYW1lIjoiaXNoYWtodHRwICIsImRldmljZV90eXBlIjoiYnJvd3NlciIsImRldmljZV9vcyI6IiIsIm9yaWdpbiI6InVua25vd24iLCJpcF9hZGRyZXNzIjoiMTc1LjQxLjQ0LjEzMSJ9LCJ1c2VyX3N0YXR1cyI6IiIsImRhdGVfam9pbmVkIjoiMjAyMy0wOS0xMlQwODo1NTo1Mi4yM1oiLCJ0b2tlbl90eXBlIjoiYWNjZXNzIiwiZXhwIjoxNjk2MzQyNTI1fQ.2NwW_OlNruOPruDf6hS0w2LKwZPGiSDK1zHW9e3TC3w
