Success Superchat API Response,201,650027911893a8dc72fec227,5347
Success Superchat API Response,201,650027921893a8dc72fec22a,5348
Success Superchat API Response,201,650027921893a8dc72fec22d,5349
Success Superchat API Response,201,650027921893a8dc72fec230,5350
Success Superchat API Response,201,650027921893a8dc72fec233,5351
Success Superchat API Response,201,650027921893a8dc72fec236,5352
Success Superchat API Response,201,650027921893a8dc72fec238,5353
Success Superchat API Response,201,650027921893a8dc72fec23b,5354
Success Superchat API Response,201,650027921893a8dc72fec23f,5355
Success Superchat API Response,201,650027921893a8dc72fec242,5356
Success Superchat API Response,201,650027911893a8dc72fec227,5347
Success Superchat API Response,201,650027921893a8dc72fec22a,5348
Success Superchat API Response,201,650027921893a8dc72fec22d,5349
Success Superchat API Response,201,650027921893a8dc72fec230,5350
Success Superchat API Response,201,650027921893a8dc72fec233,5351
Success Superchat API Response,201,650027921893a8dc72fec236,5352
Success Superchat API Response,201,650027921893a8dc72fec238,5353
Success Superchat API Response,201,650027921893a8dc72fec23b,5354
Success Superchat API Response,201,650027921893a8dc72fec23f,5355
Success Superchat API Response,201,650027921893a8dc72fec242,5356
Success Superchat API Response,201,650027921893a8dc72fec245,5357
Success Superchat API Response,201,650027921893a8dc72fec248,5358
Success Superchat API Response,201,650027921893a8dc72fec246,5359
Success Superchat API Response,201,650027931893a8dc72fec24e,5360
Success Superchat API Response,201,650027931893a8dc72fec250,5361
Success Superchat API Response,201,650027931893a8dc72fec24f,5362
Success Superchat API Response,201,650027931893a8dc72fec255,5363
Success Superchat API Response,201,650027931893a8dc72fec256,5364
Success Superchat API Response,201,650027931893a8dc72fec25c,5365
Success Superchat API Response,201,650027931893a8dc72fec25f,5366
Success Superchat API Response,201,650027931893a8dc72fec262,5367
Success Superchat API Response,201,650027931893a8dc72fec265,5368
Success Superchat API Response,201,650027931893a8dc72fec266,5369
Success Superchat API Response,201,650027931893a8dc72fec26b,5370
Success Superchat API Response,201,650027931893a8dc72fec26a,5371
Success Superchat API Response,201,650027941893a8dc72fec270,5372
Success Superchat API Response,201,650027941893a8dc72fec274,5373
Success Superchat API Response,201,650027941893a8dc72fec278,5374
Success Superchat API Response,201,650027941893a8dc72fec279,5375
Success Superchat API Response,201,650027941893a8dc72fec27a,5376
